Title,Media,Date
"동전 던져 기수 정한 미국, 뿔난 빙속스타 데이비스",중앙일보,1분전
SOUTH KOREA PYEONGCHANG 2018 OLYMPIC GAMES,EPA연합뉴스,1분전
[BK포토화보]2017-18 신한은행 여자프로농구 KEB- 우리은행 경기화보,바스켓코리아,3분전
"""평창, 아름다운 밤입니다""…김미화, 동계올림픽 개회식 중계 소감",마이데일리,3분전
한국 스포츠 스타들 '태극기 입장',한국경제,4분전
SOUTH KOREA PYEONGCHANG 2018 OLYMPIC GAMES,EPA연합뉴스,5분전
"인면조, 평창 개회식 등장에 일본서도 화제···‘무한 장수 신화 속 새’",서울경제,1분전
[포토] 이상화 '질주 본능',스포츠서울,1분전
[포토] 이상화 '좀 쉬었다 하자',스포츠서울,2분전
SOUTH KOREA PYEONGCHANG 2018 OLYMPIC GAMES,EPA연합뉴스,3분전
"단일팀엔 없던 '독도', 북한 응원단 한반도기에는 담겼다",OSEN,3분전
"文대통령, 오늘 청와대서 北 대표단 접견·오찬",KBS 뉴스,1분전
UAE CYCLING DUBAI TOUR,EPA연합뉴스,1분전
FRANCE WINTER WEATHER,EPA연합뉴스,1분전
"'슈퍼TV' 슈퍼주니어, 외국인 게스트와 '환상케미' 자랑(종합)",헤럴드POP,1분전
[포토] 성화 점화하는 '피겨 여왕' 김연아,스포츠서울,1분전
"인면조, 평창 개회식 등장에 일본서도 화제···어떤 의미 담겼나?",서울경제,2분전
"[사진]트럼프·김정은 코스프레, 평창올림픽 개회식장 인기 만점",OSEN,1분전
기성용 “할 수 있다는 것을 깨달았다”,골닷컴,1분전
"손흥민 ""북런던 더비, 내 커리어 최대 빅매치""",골닷컴,1분전
"[올림픽] 美언론, 文대통령-김여정 만남 주목 ""역사적 악수""(종합)",연합뉴스,1분전
한국 '컬링 남매' 2승2패,한국경제,1분전
평창 올림픽 개막식 인면조의 정체는 ‘가릉빈가’,경향신문,1분전
"'정글의 법칙' 홍진영, 물 공포증으로 카약 도전 포기 '눈물'",부산일보,1분전
"[올림픽] 남북은 ‘하나’되고, 성화는 ‘피겨여왕’…‘눈과 얼음의 축제’ 평창올림픽 화려한 개막",스포츠월드,1분전
[부고] kt 김용국 수석코치 빙부상,스포츠서울,1분전
장혜지 '폭풍 스위핑'[포토],엑스포츠뉴스,1분전
[MD포토] 대화 나누는 이기정-장혜지,마이데일리,1분전
[2018 평창]개막식에 등장한 인면조…‘거부감 vs 화합의 상징’,아시아경제,1분전
"‘세모방’ 아이콘 바비, 부산서 미아 신세 됐다..왜?",MK스포츠 ,1분전
"아기물티슈 순둥이, 새 학기 맞아 ‘신학기 에디션’ 선보여",머니S,1분전
[경향포토] 창밖 바라보는 북측예술단원,경향신문,1분전
"[포토] 컬링 장혜지, '만만치 않은 스톤 전략'",스포츠조선,1분전
"""기존에 없던것 보여주겠다"" 북한응원단, 오늘밤 단일팀 응원",중앙일보,1분전
"'88 올림픽' 이후 30년 만의 개회식, '사람'이 중심이었다",오마이뉴스,1분전
모창 능력가 모십니다…JTBC '히든싱어5' 2년만에 컴백,세계일보,1분전
[포토뉴스] 최성 고양시장 평창 고양시 홍보부스 방문,파이낸셜뉴스,1분전
"[오버워치 리그] 'Taimou'-'Seagull'의 환상 호흡! 댈러스 퓨얼, LA 글래디에이터즈 격파!",데일리e스포츠,1분전
[경향포토] 피곤해 보이는 북측예술단,경향신문,1분전
"김여정 밀착수행 김성혜, 북한의 보기 드문 여성 대남통",연합뉴스,1분전
Canadian Prime Minister California,AP연합뉴스,1분전
[MD포토] 이기정-장혜지 '할 수 있다',마이데일리,1분전
"긴장한 표정, 숙소 나서는 김여정",연합뉴스,1분전
"[포토]브락 라던스키 ""갤노트8 올림픽에디션으로 개막식 촬영해요""",이데일리,1분전
"싱어송라이터 나원주, 데뷔 20주년 앨범 '아이 엠' 13일 발표",세계일보,1분전
"""올해 빚 143억 갚자""…청주시, 지난해 23% 감축해 목표 초과 달성",뉴시스,1분전
"트와이스, 日싱글 발매 사흘째 오리콘 1위…3연속 ‘플래티넘’ 초읽기",스포츠월드,1분전
"""구로다 일본은행 총재, 연임""",서울경제,1분전
[부고] 강종중씨(스포츠서울 사업국장) 모친상,뉴스1,1분전
"文대통령, 오늘 오전 11시 김여정·김영남 북대표단 오찬",한국경제,1분전
[경향포토] 묵호항 출발하는 북측예술단,경향신문,1분전
"[현장연결] 북한 대표단, 문대통령과 오찬 위해 청와대로 출발",연합뉴스TV,1분전
[경향포토] [경향포토] [경향포토] [경향포토],경향신문,1분전
"""전세계 TV 5대중 2대, 48인치 이상 중대형""",스포츠서울,1분전
미국 시카고 폭설…1천여 항공편 결항 등 피해 속출,KBS 뉴스,1분전
"김여정 밀착수행 김성혜, 북한의 보기 드문 여성 대남통",연합뉴스,1분전
평창 개막식 김정은·트럼프 분장해 나타난 외국인 정체,서울신문,1분전
SOUTH KOREA PYEONGCHANG 2018 OLYMPIC GAMES,EPA연합뉴스,1분전
"""하나 된 열정""…송일국, 평창동계올림픽 성공개최 응원",헤럴드POP,1분전
(Olympics) NK cheering squad,연합뉴스,1분전
숙소 나서는 김여정,연합뉴스,1분전
"""여성, 남성보다 뇌졸중에 취약""",연합뉴스,1분전
北 예술단 서울로 출발…만경봉 92호도 곧 북한행,헤럴드경제,1분전
日 국가부채 지난해말 1085조엔 사상최대,파이낸셜뉴스,1분전
이기정-장혜지 '쉽지 않네'[포토],엑스포츠뉴스,1분전
[포토] 컬링 장혜지 '쉽지 않은 스톤 계산',스포츠조선,1분전
[MD포토] 스위핑하는 장혜지,마이데일리,1분전
"밀레, 아트모스 서울 팝업스토어서 스펙테이터와 협업한 ‘서비스 러너 II’ 공개",머니S,1분전
"[롤챔스] 3연패 중인 bbq, 갈 길 바쁜 MVP 잡을까",OSEN,1분전
"‘더유닛’ 마틸다 세미·단아, 상승세 타고 ‘최종 9인’ 갈까",스포츠월드,1분전
"'효리네 민박2' 이효리X윤아, 그림으로 우정 쌓기",스포츠월드,1분전
"[포토]""평창동계올림픽 개막식, 갤노트8으로 생생하게""",이데일리,1분전
"北김여정 등 고위급 대표단, 靑오찬 위해 10시38분 숙소 출발",이데일리,1분전
[부고] 박형우씨(전 중앙일보재무법인 대표) 부친상,뉴스1,1분전
[부고] 양영석씨(연합뉴스 대전충남취재본부 기자) 외조모상,뉴스1,1분전
"OAR, 한국과 컬링파워플레이 대결 '러시아 국기 못 쓰는 이유?'",전자신문,1분전
[경향포토] 다시 만납시다! 만경봉92호 북으로 귀환....,경향신문,1분전
[경향포토] 손흔들며 귀국하는 만경봉 92호,경향신문,1분전
손 흔드는 만경봉호 선원들,연합뉴스,1분전
영화 ‘사이코’ 출연한 美 배우 존 게빈 별세,스포츠경향,1분전
[올림픽] 동점이다,연합뉴스,1분전
[올림픽] '엔조이 평창' 부담 내려놓고 올림픽 즐기는 한국 선수들,연합뉴스,1분전
작별인사하는 만경봉호 선원들,연합뉴스,1분전
"김여정, 문 대통령 접견 위해 숙소 출발",중앙일보,1분전
"아베 ""김영남에 기존 우리 생각 전했다""",디지털타임스,1분전
[속보] 컬링 혼성 2인조 이기정 장혜지 뒷심 발휘 러시아전 5대 5 동점 연장,매일신문,1분전
"‘군 댓글수사 축소·은폐’ 백낙종 구속… 법원 ""혐의 소명""",머니S,1분전
"[포토] 컬링 믹스더블 이기정, '제발~'",스포츠조선,1분전
[포토] 이기정-장혜지 '컬링은 호흡이 중요',스포츠조선,1분전
[MD포토] 투구하는 장혜지,마이데일리,1분전
[MD포토] 장혜지 '쓱싹쓱싹',마이데일리,1분전
"""김연아, 성화 점화… 올림픽의 '연인'됐다"" -WSJ",머니투데이,1분전
"‘서울메이트’ 구하라, 허당미 뽐내며 매력 과시...스웨덴 게스트 매료",MBC연예,1분전
[현창용의 공간·공감] 버려진 우물과 윤동주의 공간,이데일리,1분전
[부고종합] 강중묵씨(전 부산MBC 사장) 모친상 외,뉴스1,1분전
만경봉호 '다시 만나요',뉴스1,1분전
[오늘은 이런 경향]2월10일 아주 특별한 평화의 불이 올랐다,경향신문,1분전
[경향포토] 작별 인사 나누며 북으로 돌아가는 만경봉 92호,경향신문,1분전
"[SS이슈]김미화, 평창올림픽 개막식 중계 논란 '신선VS부적절'",스포츠서울,1분전
Canadian Prime Minister California,AP연합뉴스,1분전
"'도깨비'→'꽃엔딩'…에일리, '다시 쓰고 싶어'로 OST 신드롬 잇는다",헤럴드POP,1분전
"검찰, 세종병원 이사장·병원장 등 3명 구속영장 청구",데일리안,1분전
북으로 귀환하는 만경봉호 92호,연합뉴스,1분전
‘배칠수 전영미의 9595쇼’ 김승진 “실제로 이름이 스잔인 팬이 찾아온적 있다”,스포츠경향,1분전
"김여정 밀착수행 김성혜, 북한의 보기 드문 여성 대남통",연합뉴스,1분전
"`효리네 민박2` 이효리-윤아, 그림으로 더 `돈독`",매일경제,1분전
"北김여정 등 대표단, 文대통령 오찬 위해 청와대로 이동중(속보)",파이낸셜뉴스,1분전
강릉서 ‘평창겨울올림픽 축하’  K-POP 콘서트,한겨레,1분전
김연아 성화봉송 공연에 청와대 “평창 위한 헌신에 감사”,아시아경제,1분전
"폐차장 화재, 직원 2명 화상",노컷뉴스,1분전
[MD포토] 이기정-장혜지 '긴장되는 순간',마이데일리,1분전
[평창] '와우' 개회식에서 터진 다섯 번의 탄성,MBC 뉴스,2분전
"[대구소식]대구경북병무청, 지역 대학 병무담당 직원 교육 등",뉴시스,1분전
"[포토]자메이카 선수단 ""갤노트8으로 개막식 촬영해요""",이데일리,1분전
"北김여정 맞을 청와대 앞길, '한반도기' 없이 태극기만 게양",조선일보,1분전
"만경봉 92호, 한반도기 매달고 출항",뉴스1,2분전
한반도기 달고 출항하는 만경봉 92호,뉴스1,2분전
북한 선원들 '남한 아파트를 배경으로 찰칵',뉴스1,1분전
만경봉 92호 '북으로 출항',뉴스1,1분전
묵호항 배경으로 기념촬영하는 북한 선원들,뉴스1,2분전
한반도기 펄럭이며 출항하는 만경봉 92호,뉴스1,1분전
한반도기 매달고 북한으로 귀항하는 만경봉 92호,뉴스1,1분전
"만경봉 92호, 북한으로 귀항",뉴스1,1분전
SOUTH KOREA PYEONGCHANG 2018 OLYMPIC GAMES,EPA연합뉴스,1분전
APTOPIX Blue Jackets Capitals Hockey,AP연합뉴스,1분전
USA US MEXICO BORDER WALL LAWSUIT,EPA연합뉴스,1분전
"[포토]세계 선수들, 삼성 갤노트8로 올림픽 개막식 현장 담다",스포츠서울,1분전
[올림픽] 좋아!,연합뉴스,1분전
묵호항 떠나는 만경봉 92호,연합뉴스,1분전
"혈당, 자연스럽게 낮추는 법 3",코메디닷컴,1분전
"""김미화는 눈물이, 손석희는 피가 나왔다"" MBC 잔혹사",헤럴드경제,1분전
"'뒷심' 비트코인, 1000만원 돌파..'검은 금요일' 이후 8일만",아시아경제,1분전
이젠 의심해야 할 건강 상식 4,코메디닷컴,1분전
"[마켓워치]대유그룹, 동부대우전자 인수...가전 3위 도약",파이낸셜뉴스,1분전
"토트넘-아스널, 챔피언스리그 티켓 주인공은 나야 나",오마이뉴스,1분전
"오신환 ""'평양 올림픽' 공세 그만…이제 선수들 응원하자""",노컷뉴스,1분전
[몽펠리에오픈]4강에 프랑스 선수만 3명…집안싸움 되나,테니스코리아,1분전
"[주말 N 문화} 하나된 열정, 도전! 展",한국일보,1분전
"올림픽 이틀째, 평창 미세먼지 '나쁨'…쇼트트랙 열리는 강릉 -1도",이데일리,1분전
이데일리 다음주 중소기업계 일정,이데일리,1분전
"트럼프, '누네스 메모' 반격타 될 민주당 메모 공개 반대",뉴스1,1분전
휘발유값 28주 연속 상승…“향후 상승세는 완화 전망”,KBS 뉴스,1분전
[날씨] 황사로 미세먼지 농도 곳곳서 ‘나쁨’…오후부터 다시 한파,스포츠경향,1분전
"'OST퀸' 에일리, 웹드 '꽃엔딩' OST로 음원차트 상위권 접수",스포츠서울,1분전
"'컬링 믹스더블' 한국, 러시아 올림픽선수단에 5-6 석패…예선 2승 3패",엠스플뉴스,1분전
"[엠스플 in 캠프] 더 빨라진 롯데, ‘그린 라이트’로 승부한다",엠스플뉴스,1분전
[올림픽] 만경봉호 92호 '묵호항 떠나 북으로',연합뉴스,2분전
[포토뉴스] 고양시청 조해리 선수 사인회 ‘문전성시’,파이낸셜뉴스,1분전
"[엑's 이슈] ""음메 기살어~"" 김미화, 개막식 중계 쓴소리에도...",엑스포츠뉴스,1분전
백혜련 “드론 오륜기에 절로 감탄이…평창은 평화”,동아일보,1분전
"[평창 컬링]믹스더블 장혜지-이기정 OAR에 연장 석패, 예선 2승3패",스포츠조선,1분전
'만경봉 92호와 함께',노컷뉴스,1분전
만경봉 92호 출항 준비,노컷뉴스,1분전
"김여정, 문 대통령 접견위해 청와대로 출발…김정은 친서 전달할지 주목",부산일보,1분전
서울 향하는 북한 예술단,노컷뉴스,1분전
만경봉 92호에 게양된 한반도기,노컷뉴스,1분전
출항 준비하는 만경봉 92호,노컷뉴스,1분전
하선하는 북한 예술단,노컷뉴스,1분전
한반도기 걸린 만경봉 92호,노컷뉴스,1분전
묵호항 보안 검색 받는 북한 예술단,노컷뉴스,1분전
서울로 출발하기 위해 하선하는 북한 예술단,노컷뉴스,1분전
보안 검색대 향하는 북한 예술단,노컷뉴스,1분전
"북한 예술단, 서울 출발",노컷뉴스,1분전
"‘나쁜녀석들2’, 오늘 스폐셜 방송..취중진담 비하인드 토크",OSEN,1분전
"'컬링 믹스더블' 장혜지-이기정, 연장 끝 러시아에 석패...4강행 빨간불",OSEN,1분전
여객터미널 보안 검색대로 이동하는 북한 예술단,노컷뉴스,1분전
서울로 이동하는 북한 예술단,노컷뉴스,1분전
보안 검색 받는 북한 예술단,노컷뉴스,1분전
서울 공연 앞둔 북한 예술단,노컷뉴스,1분전
이동하는 북한 예술단,노컷뉴스,1분전
보안 검색 위해 이동하는 북한 예술단,노컷뉴스,1분전
짐 검색 위해 이동하는 북한 예술단,노컷뉴스,1분전
"비상교육 맘앤톡, 사이트 개편 기념 축하 케이크 1000개 증정",이데일리,1분전
"우버·웨이모 자율차 기술 절도 소송 종지부...2,700억 원에 합의",서울경제,1분전
"‘나 혼자 산다’ 김연경, 각 잡힌 상하이 …‘싱글 라이프’",한국경제,1분전
"로이킴, 진심 담은 ‘그때 헤어지면 돼’…겨울 감성 저걱",스포츠월드,1분전
"‘아는 형님’ ‘강호동, 신곡 안무 '스웩댄스' 유행 예감! ’아형 뮤비 대전‘ 기대↑",MBC연예,1분전
김여정 숙소부터 개막식까지 밀착수행…김성혜는 누구,서울신문,1분전
"김희철X민경훈 우주 겁쟁이, 신곡 MV서 '브로맨스' 예고",뉴스1,1분전
"김연아 성화 점화에 미셸 콴 “아름다워”, 리폰 “내 오랜 친구”",뉴스엔,1분전
"에일리, ‘도깨비’ 이어 ‘꽃엔딩’ OST 신드롬 달성",스포츠경향,1분전
"[2018평창]컬링 믹스더블, 연장 접전 끝에 러시아OAR에 5-6 패배",스포츠서울,1분전
‘나쁜 녀석들:악의 도시’ 종영 아쉬움 달랜다… TV 종방연 진행,스포츠동아,1분전
"[2018 평창] 올림픽 개회식, 1000만명이 지켜봤다",헤럴드경제,1분전
김여정 하루종일 밀착수행한 중년 여성…정체는?,중앙일보,1분전
"중국공군, 스텔스기 '젠-20' 작전부대 배치…일본·인도 등 긴장",SBS 뉴스,1분전
"김미화, 개막식 중계 논란 일파만파…""눈 구경 못 해봤을 것""",스포츠조선,1분전
2018 평창은 1988 서울과 어떻게 다른가?,노컷뉴스,1분전
‘의문의 일승’ 정혜성 “다작하는 이유? 쉬면 병나요”,한국일보,1분전
김여정 밀착수행..北대남통 김성혜는 누구?,이데일리,1분전
홍준표 “‘한국’ 대신 ‘남한’이란 정체불명 명칭으로 北 비위 맞추나”,KBS 뉴스,1분전
"일산병원, 복지부 응급의료기관 평가 ‘최우수’",뉴스1,1분전
SOUTH KOREA PYEONGCHANG 2018 OLYMPIC GAMES,EPA연합뉴스,1분전
"""여신의 귀환""..김연아 성화봉송..외신도 감탄",스타뉴스,1분전
"잠잠한 토트넘 손흥민, 터져야 할 아스날전",데일리안,1분전
"김미화, 평창 올림픽 중계 논란 ""아프리카 선수들, 눈 구경 못했을 것""",TV리포트,1분전
"문 대통령, 오전 11시 청와대서 김여정 접견…김정은 친서 전달 여부 주목",아시아경제,1분전
"지구 온난화, 동계 올림픽 위협 (연구)",코메디닷컴,1분전
"평화 올림픽, 건강 올림픽!",코메디닷컴,1분전
세계를 놀래킨 드론오륜기…어떤 기술 쓰였길래?,국민일보,1분전
(URGENT) S Korea-N Korea-meeting,연합뉴스,1분전
이것이 유엔의 무술년 개띠 해 기념 우표,국민일보,1분전
“우두둑 씹어먹었다”…평창에서 ‘철조망 디저트’ 본 정치인들 반응,국민일보,1분전
"‘윤식당2’ 정유미, 언제나 웃음 가득 ‘해피 바이러스’",헤럴드경제,1분전
지난해 일본 국가빚 사상최대 1경 886조 원…1인당 8천 600만 원,SBS 뉴스,1분전
北 김영남·김여정 청와대 도착…文 대통령 접견·오찬(속보),노컷뉴스,1분전
'세계 4위 OAR과 접전' 컬링 믹스더블의 아쉬운 패배,노컷뉴스,1분전
"北, 문 대통령과 김영남 위원장 만남 보도",뉴시스,1분전
"'블핑하우스' 블랙핑크, 동심폭발 동물원 나들이 포착",조선일보,1분전
"펜스 부통령, 북한 피한 이유? “고의 아냐…서로 무관심”",서울신문,1분전
Red Wings lslanders Hockey,AP연합뉴스,1분전
Nuggets Rockets Basketball,AP연합뉴스,1분전
[서울광장] 중국과 대등해지려면 대사부터 급을 맞춰라/서상문 고려대 연구교수,서울신문,1분전
내년부터 '사망원인 1위' 폐암도 무료검진,데일리안,1분전
USA BASKETBALL NBA,EPA연합뉴스,1분전
"北대표단, 靑도착…곧 文대통령과 접견 및 오찬",뉴스1,1분전
"[올림픽] 컬링 이기정-장혜지, 러시아에 연장 끝 5-6 석패…2승3패",뉴스1,1분전
호날두 다시 살아날 때? UCL 앞두면 달라졌다,스포탈코리아,1분전
"[리폿@이슈] ""미국 MBC?""…박나래, '나혼자'도 충분한 최우수상 존재감",TV리포트,1분전
"[가상화폐 뉴스] 02월 10일 11시 00분 비트코인(11.43%), 리플(29.67%), 비트코인 골드(24.13%)",한국경제TV,1분전
김여정 등 北 대표단 청와대 도착(속보),아시아경제,1분전
[엑's기획] 선미부터 도끼까지…가슴 아픈 가정사 극복한 스타들,엑스포츠뉴스,1분전
[올림픽 NOW] 마지막 비행에서 유종의 미를…한국 스키점프 1세대 뜬다,스포티비뉴스,1분전
"삼성, 朴정부에 이어 MB정부서도 '뇌물 상납 의혹'",시사저널,1분전
이재용도 챙겨본 ‘황금빛 내인생’ 평창 동계올림픽 중계로 결방,국민일보,1분전
[포토뉴스] 고양시 평창올림픽서 ‘사물놀이패’ 공연,파이낸셜뉴스,1분전
"[2017 KUSF AWARDS] 학생선수 학습권 보장 세한대학교, 최우수대학 부문 수상!",한국대학스포츠총장협의회,1분전
"北김영남·김여정, 靑도착…곧 文대통령 접견(속보)",파이낸셜뉴스,1분전
"또봉이의 '눈물'…""대기업만 대한민국 기업인가요""",세계일보,1분전
S Korea-N Korea-meeting,연합뉴스,1분전
[올림픽] 투지!,연합뉴스,1분전
"'1박2일' 멤버 6인, 복불복 게임 직접 만든다 '아이디어 공모전'",한국일보,1분전
[속보] 北 김영남 김여정 등 청와대 도착...잠시후 문 대통령과 접견,뉴시스,1분전
"김영남·김여정, 청와대 도착···문 대통령과 접견·오찬(속보)",서울경제,1분전
"[속보] 김영남·김여정, 청와대 도착…문 대통령과 접견·오찬",KBS 뉴스,1분전
Cavaliers Hawks Basketball,AP연합뉴스,1분전
SOUTH KOREA PYEONGCHANG 2018 OLYMPIC GAMES,EPA연합뉴스,1분전
"[속보] 김영남·김여정, 청와대 도착…문재인 대통령과 접견·오찬",스포츠경향,1분전
"'이방인‘ 서민정, 뉴욕 친구 ’헌터 가족‘과의 휴일 공개 #시트콤 #뉴욕 서장금",MBC연예,1분전
"[평창 컬링] 믹스더블 장혜지-이기정 조, OAR(러시아)에 연장 끝 패배",엑스포츠뉴스,1분전
[올림픽 NOW] 가디언 “단일팀 공동입장·증강현실 등이 개회식 하이라이트”,스포티비뉴스,1분전
"[평창올림픽] 韓 혼성컬링, 세계챔프 러시아와 명승부 끝 패배",MK스포츠 ,1분전
[올림픽] 아쉽지만 잘 싸웠다,연합뉴스,1분전
文大統領　ソウルで正恩氏妹らと面会,연합뉴스,1분전
북한 김영남·김여정 청와대 도착…문 대통령과 접견·오찬,연합뉴스,1분전
일본 지난해 국가 부채 1경886조원 사상 최대,헤럴드경제,1분전
`리턴` 오늘(10일) 대본리딩…고현정 후임 배우 참석할까?,매일경제,1분전
[박수찬의 軍] 北 열병식서 등장한 신형 미사일…대남용 히든카드?,세계일보,1분전
"<속보>김영남·김여정 등 북 고위급 대표단, 청와대 도착",디지털타임스,1분전
"[속보] 김여정, 청와대서 문재인 대통령 접견 시작",코리아헤럴드,1분전
올 초 IPO 흥행 '일색'…증시 활력 불어넣나,뉴시스,1분전
경북 영덕 야산 불…2시간만에 불길 잡아,뉴시스,1분전
"'화보 아냐?' 구구단 미나, 청순美 넘치는 졸업사진",부산일보,1분전
"[M+TV시청률] ‘나 혼자 산다, 김연경 하드캐리에 金 예능 1위",MBN,1분전
APTOPIX Cavaliers Hawks Basketball,AP연합뉴스,1분전
"'구자철 풀타임' 아우크스부르크, 라이프치히에 0-2 패배.. 7위 유지",스타뉴스,1분전
Flight Attendant Assault,AP연합뉴스,1분전
"'이방인‘ 서민정, ’헌터 가족‘과의 휴일 공개 #시트콤 #뉴욕 서장금",MBC연예,2분전
올림픽 이틀차 고속道 원활…서울→강릉 2시간36분,뉴스1,1분전
"[2018 평창] 컬링 믹스더블, OAR에 패… 4강행 어려울 듯",스포츠동아,1분전
"백악관 ""펜스, 고의로 北 피한건 아냐…만남 주선하려던 한국노력 외면""",AP연합뉴스,1분전
북한 김영남·김여정 청와대 도착…문재인 대통령과 접견·오찬,매일경제,1분전
만남 거절 여성에 무차별 상해 40대 실형,파이낸셜뉴스,1분전
[속보] 김영남·김여정 청와대 도착…문 대통령과 접견·오찬,중앙일보,1분전
"리플 CEO ""암호화폐, 화폐 아닌 자산…실제문제 해결해야만 가치 뛴다""",이데일리,1분전
김영남·김여정 北대표단 靑도착…文대통령과 접견 이어 오찬,이데일리,1분전
"北 예술단, 서울로 출발…만경봉 92호는 북으로",한국경제,1분전
"[캠프 소식] 빙부상 김용국 코치, 귀국 않고 팀과 함께 한다",스포츠조선,1분전
"인면조, 디자이너 ""뜻밖의 반응 놀라워"" 인증샷 게재",전자신문,1분전
"""우아한 분위기""…산다라박, 웨딩드레스 자태",스포츠조선,1분전
"컬링 이기정-장혜지, OAR에 석패…예선 2승 3패",마이데일리,1분전
"MBC 측 ""김미화 중계 발언 논란? 드릴 말씀 없다""[공식]",TV리포트,1분전
'나쁜 녀석들2' 박중훈·주진모·지수 총출동…취중진담 리얼토크,TV리포트,1분전
"서대문구,  임대아파트 건강마을 만들기 추진",아시아경제,1분전
“날 모른 체해?” 무차별 흉기 휘두른 40대 ‘중형’,뉴스1,1분전
"컬링 믹스더블 장혜지-이기정, 연장 끝 러시아에 석패",머니S,1분전
"스파이더 BJJ 챔피언십, 11일 오후 5시부터 SPOTV 생중계",스포티비뉴스,1분전
[올림픽] 아쉽다,연합뉴스,2분전
기네스북에 등재된 ‘드론 오륜기’ 조종사는 단 한 명,국민일보,1분전
[올림픽]컬링장 찾은 구름 인파,연합뉴스,1분전
[2018 평창]'동계올림픽' 우표전시회 열려..서울중앙우체국서,파이낸셜뉴스,1분전
"KB손해보험 살아난 서브, 봄배구 희망포 쏘다",STN 스포츠,1분전
[올림픽] 인기 만점 컬링,연합뉴스,1분전
北김여정 등 대표단 靑도착...文대통령 접견 시작,파이낸셜뉴스,1분전
청와대 찾은 김영남·김여정…北 고위인사 방문은 8년6개월만,연합뉴스,1분전
"'더유닛' 유닛B-유닛G 탄생, 파이널 생방송 관전 포인트",한국일보,1분전
"'UFC 221' 동양 선수 5명 출격, 김동현 3연승 도전",오마이뉴스,1분전
출항 위해 예인되는 만경봉 92호,노컷뉴스,1분전
"만경봉 92호, '北으로'",노컷뉴스,1분전
예인되는 만경봉 92호,노컷뉴스,1분전
출항하는 만경봉 92호,노컷뉴스,1분전
묵호항에서 출항하는 만경봉 92호,노컷뉴스,1분전
묵호항 떠나는 만경봉 92호,노컷뉴스,1분전
떠나는 만경봉호,노컷뉴스,1분전
"日 할릴호지치, ""3월 유럽 원정서 월드컵 멤버 정한다""",OSEN,1분전
[2018 평창] 국기 아닌 오륜기 들고 나온 ‘OAR’…그 의미는?,아시아경제,1분전
웹툰 '총수' 중국 텐센트 진출시킨 스타트업 스토리파크,아시아경제,1분전
'러시아 알렉산드르 크루셸니츠키와 인사 나누는 장혜지-이기정'[포토],엑스포츠뉴스,1분전
"[뉴스] IEM PUBG 16개팀 확정! 유럽은 로그, 한국은 KSV 노타이틀이 참여",인벤,1분전
"[엠스플 Key 넘버] ‘2위와 1.5경기 차’ DB, 더 이상의 연패는 위기다",엠스플뉴스,1분전
[올림픽] 인기 만점 컬링,연합뉴스,2분전
[올림픽] 청와대 향하는 김여정 차량행렬,연합뉴스,1분전
한반도기 흔드는 북 응원단,뉴시스,1분전
"북한 응원단, 한반도기 들고 응원 중",뉴시스,1분전
"북한 응원단, '우리는 하나'",뉴시스,1분전
"빙속 이승훈 뛴다...11일 5,000ｍ 출격",서울경제,1분전
평창 동계올림픽 개막 기다리는 북 응원단,뉴시스,1분전
"평창 개회식, 첫사랑 만난 것처럼 '감동'",오마이뉴스,1분전
"북한 노동신문, 평창 동계올림픽 개막식 큰 비중으로 보도",경향신문,1분전
북으로 향하는 만경봉 92호,노컷뉴스,1분전
"'컬링' 장혜지-이기정, 연장패해 2승3패…남은 2경기 이겨야 4강행",부산일보,1분전
하선하는 도선사,노컷뉴스,1분전
만경봉 92호에서 하선하는 도선사,노컷뉴스,1분전
SOUTH KOREA PYEONGCHANG 2018 OLYMPIC GAMES,EPA연합뉴스,1분전
김여정 등 北 대표단 청와대 도착(종합),아시아경제,1분전
"김영남·김여정, 청와대 도착…문 대통령과 접견·오찬(속보)",아시아경제,1분전
이기정 '정확한 샷을 위해'[포토],엑스포츠뉴스,1분전
[올림픽] 아쉬워 하는 이기정,연합뉴스,1분전
"북한 응원단, '평창 추위 대비해야죠'",뉴시스,1분전
"[올림픽] 러시아 메드베데바, 단체전 여자싱글 출격…최다빈 6번째로 연기",연합뉴스,1분전
'우리는 하나' 외치는 북 응원단,뉴시스,2분전
인공기 흔드는 북한 응원단,뉴시스,1분전
"북한 응원단, '개막식이 궁금해'",뉴시스,1분전
김여정 靑 도착···北 청와대 방문은 9년 만,서울경제,1분전
한반도기 두 손에 꼭 쥔 북한 응원단,뉴시스,1분전
한반도기 꼭 잡은 북한 응원단,뉴시스,1분전
한반도기 들고 응원하는 북한 응원단,뉴시스,1분전
대화 나누는 북한 응원단원들,뉴시스,1분전
강소라의 봄 패션…무난한 '그레이' 이렇게 연출해봐,머니투데이,1분전
응원중인 북한 응원단,뉴시스,1분전
개막식장 자리한 북한 응원단,뉴시스,1분전
"북한응원단, '일심동체'",뉴시스,1분전
"‘옥탑방고양이’ 배우 故 정다빈, 오늘(10일) 11주기...우리 곁을 떠난 ★",서울신문,1분전
"[포토] 컬링 이기정, '신중한 스톤 딜리버리'",스포츠조선,1분전
"김미화, 전문성 없는 MBC올림픽 중계..시청자 항의",스타뉴스,1분전
김여정 등 北 대표단 청와대서 접견 시작,MBC 뉴스,2분전
[영상] 환상적인 샷 보여주다…상황을 뒤집는 컬링 OAR,SBS 뉴스,2분전
아나스타샤 브리즈갈로바 '신중한 눈빛'[포토],엑스포츠뉴스,1분전
"제주도, 폭설로 어린이집 못간 아이들 출석 인정 추진",뉴스1,2분전
갤럭시 노트 8 올림픽 에디션,뉴시스,2분전
"프랑스 선수, '갤럭시 노트8'으로 셀카",뉴시스,1분전
"[대구소식]서구, 설맞이 전통시장 장보기 캠페인 등",뉴시스,1분전
한달 새 교통사고로 2명 숨지게 한 50대 남성 징역형,서울경제,1분전
올림픽과 함께하는 갤럭시 노트,뉴시스,1분전
[올림픽] 철통경호 속 차에 오르는 김영남,연합뉴스,1분전
[올림픽] 미대사관 앞 지나가는 김영남·김여정 일행 차량,연합뉴스,1분전
[올림픽] 광화문 지나가는 김영남·김여정 일행 차량,연합뉴스,1분전
김여정 靑 도착…文대통령 평양 초청?,동아일보,1분전
"드론 오륜기의 이면, 국내 시장 중국에 뒤쳐진 사연 '탄식'",헤럴드경제,1분전
"컬링 이기정-장혜지, OAR에 연장 5-6분패",경향신문,1분전
김여정 등 북한 고위급대표단 청와대 도착,경향신문,1분전
"'미스티' 지진희의 순정, 또 다시 김남주 향했다",YTN,1분전
평창에 간 이명박·홍준표·안철수·유승민,오마이뉴스,1분전
AUSTRALIA TENNIS FED CUP,EPA연합뉴스,1분전
Red Wings lslanders Hockey,AP연합뉴스,1분전
Canadian Prime Minister California,AP연합뉴스,1분전
"'라디오쇼' 박명수 ""동계올림픽, 하계 종목보다 더 힘든 것 같아""",헤럴드POP,1분전
SOUTH KOREA PYEONGCHANG 2018 OLYMPIC GAMES,EPA연합뉴스,1분전
"김건모, 드론으로 노후 대비 화제",데일리안,1분전
"北 노동신문, 평창올림픽 비중있게 다뤄",아시아경제,1분전
"[평창] 황대헌·임효준·서이라, 쇼트트랙 1500m 첫 金 도전",일간스포츠,1분전
"[평창] 1218대의 드론 오륜기, 기네스 기록으로 화제",일간스포츠,1분전
"""평창올림픽 중계 여파""...'황금빛' 오늘(10일) 결방·'불후' 4시 40분 방송",엑스포츠뉴스,1분전
아나스타샤 브리즈갈로바 '시선 사로잡는 미모'[포토],엑스포츠뉴스,1분전
장혜지-이기정 '호흡 맞춰서'[포토],엑스포츠뉴스,1분전
[영상]강광배·전이경·이강석·이슬비…그들의 올림픽 이야기,뉴스1,1분전
기념촬영하는 도종환 장관,뉴시스,1분전
"[2018평창]믹스더블 이기정-장혜지 ""벼랑 끝에 몰린 기분""",스포츠서울,1분전
[포토]기자회견에 참석하는 김연아,스포츠서울,1분전
"[포토]김연아, '그렇게 높은 곳에서 스케이팅 하기는 처음'",스포츠서울,1분전
도종환 문체부 장관 영국 스포츠사회부 장관 면담,뉴시스,1분전
시집 선물하는 도종환 장관,뉴시스,1분전
위안부 피해자 할머니 만나 인사하는 도종환 장관,뉴시스,1분전
지영선 방문진 여권 이사 결국 자진 사퇴,미디어오늘,1분전
[올림픽] 청와대 향하는 북한 고위급대표단,연합뉴스,1분전
"文 대통령, 北김영남·김여정 청와대서 접견·오찬",매일경제,1분전
[올림픽] 아쉬운 패배,연합뉴스,1분전
"[올림픽] 김연아 ""그런 높은 곳 스케이팅은 처음…잊지 못할 순간"".",연합뉴스,1분전
"한국 컬링 믹스더블, OAR에 연장 끝 5-6 석패",중앙일보,1분전
평창 개막식 하이라이트 통가 근육맨 “전혀 춥지 않다”,서울신문,1분전
"‘컬링 2승 3패’ 장혜지-이기정 조, OAR에 석패",데일리안,1분전
"[맨투맨] 클리블랜드發 빅뱅, 그들의 이해관계",손대범 칼럼,1분전
"오늘 밤 7시, 쇼트트랙 첫 금빛 사냥…임효준·황대헌·서이라 출격",부산일보,1분전
"[평창 일문일답]석패한 컬링 장혜지-이기정 ""이제 벼랑 끝, 남은 2경기 이겨 준결승간다""",스포츠조선,1분전
"‘천애명월도’, OBT 2주만에 정식 서비스 돌입",OSEN,1분전
"[컬링] 장혜지-이기정, ""벼랑 끝이지만 2연승하면 4강 갈 수 있다""",OSEN,1분전
[MD포토] 크루셸닉스키와 인사나누는 이기정-장혜지,마이데일리,1분전
"[Oh!llywood] ""영웅인가 악당인가""…'베놈', 마블 최초의 빌런 주인공 영화",OSEN,1분전
[부고] 김용국(kt 위즈 수석코치) 빙부상,일간스포츠,1분전
"北응원단, 오늘 여자아이스하키 단일팀 응원…예술단은 서울로",아시아경제,1분전
노인 은퇴할 수 없는 시대...100세 시대 내 일자리 어디?,아시아경제,1분전
"장혜지 '연장 승부, 마지막 투구'[포토]",엑스포츠뉴스,1분전
"컬링 장혜지-이기정, 강호 OAR에 연장 끝 분패",한국일보,1분전
제 33회 베이비페어,뉴시스,1분전
에너지 전환 정책 이행 원년,뉴시스,1분전
기념촬영하는 이인호 차관,뉴시스,1분전
2018 해외바이어 초청 수출상담회,뉴시스,1분전
"오스트리아 관광청 ""지난해 한국인 방문객 13% 증가""",한국경제,1분전
"뉴욕증시, 변동성 확대 속 반등…다우 1.38% 상승 마감",스포츠서울,1분전
"[포토]김연아, '너무 높은 곳이라 스케이팅 걱정했는데...'",스포츠서울,1분전
"LG, 미국서 니혼햄·넥센과 연습경기 확정",스포츠서울,1분전
"김연아 성화봉송, 우아한 여왕의 공연…청와대 “평창 위한 헌신에 감사”",한국경제,1분전
"컬링 장혜지-이기정 OAR에 연장 끝 패해… ""4강행 어려워져""",조선일보,1분전
"[올림픽] '빙속 전설' 샤니 데이비스, 개회식 불참…'기수 탈락 불만'",연합뉴스,1분전
평창올림픽 개막식 행사 중 무대 난입해 ‘셀카’ 찍은 남성,국민일보,1분전
“아이 시원해~” 엄마 두피 마사지 받는 아기 고릴라,국민일보,1분전
[올림픽] 청와대 향하는 북한 고위급대표단,연합뉴스,1분전
북한 김영남·김여정 청와대 도착…‘백두혈통’ 최초,헤럴드경제,1분전
“여성이 남성보다 뇌졸중에 취약”,헤럴드경제,1분전
"[로펌소식]광장, 국제건설중재 세미나 개최",파이낸셜뉴스,1분전
칼 한 자루 쥐고 7일 만에 만드는 '디테일 끝판왕' 페이퍼 아트,파이낸셜뉴스,1분전
북한 김영남·김여정 청와대 도착…김정은 '친서' 전달 주목,세계일보,1분전
"컬링 장혜지-이기정, 러시아에 연장 끝에 석패…2승 3패",KBS 뉴스,1분전
SOUTH KOREA PYEONGCHANG 2018 OLYMPIC GAMES,EPA연합뉴스,1분전
"'나쁜녀석들2' 측 ""오늘(10일), 비하인드 스토리 대방출""",스포츠조선,1분전
[평창]GS칼텍스 후원 '아이스하키계의 붉은 악마' 손가락 에너지 응원단,스포츠조선,1분전
[MD포토] 관중들에게 인사하는 이기정,마이데일리,1분전
[MD포토] 컬링 아나스타샤 '조금은 아쉬운 투구',마이데일리,1분전
코카콜라 자이언트 자판기,뉴시스,1분전
"김효은 부대변인, 오전 현안 서면 브리핑",더불어민주당,1분전
"비트코인, 1000만원 회복",서울경제,1분전
[올림픽] 청와대 향하는 북한 고위급대표단,연합뉴스,1분전
[올림픽] 광화문 지나가는 김영남·김여정 일행 차량,연합뉴스,1분전
5퍼트에 발목 잡힌 로리 매킬로이...공동 87위 추락,헤럴드경제,1분전
"아베, 평창 리셉션서 김영남과 대화 ""일본 생각 전했다""",오마이뉴스,1분전
"[시승기]렉스턴 스포츠, 마초와 럭셔리의 맛깔스런 조합",데일리안,1분전
‘D-2’ 로이킴의 신곡…미국에서 보낸 편지 ‘셀프 스포일러’,스포츠경향,1분전
"'더유닛' 측 ""오늘(10일) 오후 6시 파이널 미션 음원 발매""",스포츠조선,1분전
[MD포토] 이기정-장혜지 '집중하자',마이데일리,1분전
"김미화, 중계 방송 논란에 ""히히..음메 기살어~^^""",마이데일리,1분전
[MD포토] 아나스타샤 브리즈갈로바 '놀라운 미모',마이데일리,1분전
이기정-장혜지 '연장 승부 끝 아쉬운 패배'[포토],엑스포츠뉴스,1분전
"강원, 광저우 헝다와 3:3 무승부...제리치 멀티골",스포츠타임스,1분전
"롯데백화점 마산점, 설 선물 세트판매",뉴시스,1분전
'컬링 믹스더블' 연장 끝 OAR에 패배… 4강행 빨간불,머니투데이,1분전
"빈백 소파 요기보, 매장 픽업서비스 개시",머니투데이,1분전
"폴리텍 창원, 2017학년도 학위수여식",뉴시스,1분전
"합천군, 농어촌버스 단일요금제 협약",뉴시스,1분전
창원문성대 제38회 학위수여식,뉴시스,1분전
"[포토]김연아, '이틀 동안 리허설 했어요!'",스포츠서울,1분전
"[올림픽 NOW] 컬링 장혜지-이기정, 연장 접전 끝에 OAR에 패배…예선 2승 3패",스포티비뉴스,1분전
"[포토]김연아, '몇 달 전에 성화 최종주자 알았죠!'",스포츠서울,1분전
[올림픽] 광화문 지나가는 북한 고위급대표단,연합뉴스,1분전
"[올림픽] 문 대통령, '북한 고위급대표단과 청와대에서'",연합뉴스,1분전
[올림픽] 경기 지켜보는 이기정 장혜지,연합뉴스,1분전
장혜지-이기정 믹스더블 컬링 결선행 '빨간불',세계일보,1분전
SOUTH KOREA PYEONGCHANG 2018 OLYMPIC GAMES,EPA연합뉴스,1분전
"[평창 줌인] '벼랑 끝' 컬링 믹스더블, 실낱같은 4강 희망",스타뉴스,1분전
'아쉽다' 장혜지-이기정... QAR과 접전 끝에 5-6패,오마이뉴스,1분전
"김미화, 평창 올림픽 중계 논란 ""아프리카 선수들은…""",일간스포츠,1분전
"[두산 입장]""니퍼트를 존중했다. 불편한 오해 원치않는다""",스포츠조선,1분전
[2018 평창] 개막식 ‘드론 오륜기’…역시 'IT강국' 세계에 각인,아시아경제,1분전
"[평창]송승환감독, ""인면조 고구려 고분벽화에서 영감""",스포츠조선,1분전
컬링 '손에 땀을 쥐게 만드는 경기'[포토],엑스포츠뉴스,1분전
장혜지-이기정 '불꽃 스위핑'[포토],엑스포츠뉴스,1분전
[MD포토] 이기정-장혜지 '잘했어!',마이데일리,1분전
"北 ""文대통령―김여정 악수…따뜻한 인사 나눠"" 보도(종합)",뉴스1,1분전
"與 ""평창 남북 공동입장, 한반도 평화·번영의 중심지로""",뉴스1,1분전
청주 농수산물도매시장 이전 사업 국비 확보가 '관건',뉴시스,1분전
청와대 들어서는 김여정과 북한 고위급 대표단,뉴시스,1분전
청와대 들어서는 김여정 당 중앙위원회 제1부부장,뉴시스,1분전
청와대 들어서는 북한 고위급 대표단,뉴시스,1분전
"국민의당, 통합 '전당원 투표' 10일 마무리.. 내일 결과 발표",머니투데이,1분전
"현정이 하차한 '리턴' 전열을 재정비, 오늘(10일) 대본리딩",스포츠서울,1분전
[올림픽] 혼신의 스위핑,연합뉴스,1분전
万景峰号が北朝鮮へ出港　芸術団はソウルに移動＝韓国,연합뉴스,1분전
[올림픽] 미대사관 앞 지나가는 김영남·김여정 일행 차량,연합뉴스,1분전
"北신문, 펜스 美부통령 방한 행보 비난…""신성한 올림픽 악용""",연합뉴스,1분전
[평창올림픽] 컬링 믹스더블 장혜지-이기정 강호 OAR에 아쉬운 연장전 패배,헤럴드경제,1분전
[올림픽] 광화문 지나는 북한 고위급대표단,연합뉴스,1분전
"[올림픽] 문 대통령, 북한 고위급대표단 접견",연합뉴스,1분전
"[2018 평창]믹스더블 컬링 장혜지-이기정, 아쉬운 패배",파이낸셜뉴스,1분전
"'마지막 성화 주자' 김연아 ""잊지 못할 순간""",세계일보,1분전
"靑, 김연아 성화봉송에 “올림픽에 헌신…화려하게 장식해줘 고맙다”",동아일보,1분전
USA US MEXICO BORDER WALL LAWSUIT,EPA연합뉴스,1분전
"[컬링]믹스더블 장혜지-이기정, 러시아선수단에 석패",조이뉴스24,1분전
당진 이어 천안에도 AI 확진,아이뉴스24,1분전
"<속보>문 대통령, 청와대서 북 고위급 대표단 접견 시작",디지털타임스,1분전
이기정 '관중석 향해 인사'[포토],엑스포츠뉴스,1분전
"'트레이드 후 첫 맞대결' DET-LAC, LAC가 웃었다",루키,1분전
[MD포토] 이기정 '좀 더 이쪽으로',마이데일리,1분전
"[평창올림픽] 이슬비 SBS해설위원, 전직 컬링요정의 변신",MK스포츠 ,1분전
[2018평창올림픽] 컬링 믹스더블 이기정-장혜지 5-6 OAR에 아쉬운 연장 패,윈터뉴스 코리아,1분전
"MLB닷컴 ""오승환, 텍사스 마무리 경쟁 이끌 선수""",스포츠월드,1분전
'백두혈통' 청와대 방문은 처음…김영남·김여정 청와대 도착,한국경제,1분전
"檢, 밀양 세종병원 이사장 등 3명 구속영장 청구",이데일리,1분전
"드론 오륜기 기네스 등재, 1218대와 한 명의 조종사",뉴스엔,1분전
"[포토]김연아, 동계올림픽개회식 관련 기자회견장에",스포츠서울,1분전
"[올림픽] 문 대통령, 북한 고위급대표단 접견",연합뉴스,1분전
북한 김영남·김여정 청와대 도착…문 대통령과 접견·오찬,서울신문,1분전
[올림픽] 청와대 향하는 북한 고위급대표단,연합뉴스,1분전
[올림픽] 광화문 지나는 김여정 차량행렬,연합뉴스,1분전
"'라디오쇼' 딸바보 박명수 ""아이 입에 음식 들어갈 때 가장 흐뭇""",헤럴드POP,1분전
"[올림픽] 김연아 ""점화 장면 리허설은 딱 이틀""",연합뉴스,1분전
올림픽 개회식 열리는데…조직위 홈피 겨냥 사이버 공격,아이뉴스24,1분전
"""오글거려""...'효리네 민박2' 이효리·윤아, 그림으로 싹튼 우정",YTN,1분전
"김미화, 개막식 중계 논란...""아프리카 선수들 눈 구경 못해봤을 것""",아시아경제,1분전
국내에서 부는 라틴 열풍…'하바나' '코코' 인기 비결은?,SBS 뉴스,1분전
"""우리 대표를 의회로"" 미국 암호화폐 업계 비트코인 기부",SBS 뉴스,1분전
"LG, 미국 연습경기 일정 확정…넥센-니혼햄과 격돌",엑스포츠뉴스,1분전
밀양 세종병원 화재참사 관계자 3명 구속영장 청구,부산일보,1분전
[MD포토] 장혜지 '잘 안풀리는데',마이데일리,1분전
상용차도 프리미엄 시대 '올뉴 스카니아' 亞최초 한국 출시,뉴스1,1분전
"서비스마켓 크몽, 앱 통화 상담서비스 제공",머니투데이,2분전
[과학·IT용어]“가까이 하기엔 너무 불쾌한 당신”…언캐니 밸리,이데일리,1분전
"골든슬럼버, 강동원♥배철수 '음캠' 인증샷 '외모 실화냐?'",전자신문,1분전
[올림픽] 삼엄한 경비 속 이동하는 북한 고위급대표단,연합뉴스,1분전
[올림픽] 청와대 향하는 김여정 차량행렬,연합뉴스,1분전
"올림픽 개막식 드론쇼, 어떻게 탄생했나",ZDNet Korea,1분전
북한 김영남·김여정 청와대 도착…문 대통령과 오찬,데일리안,1분전
"동네 부동산, '네이버 엑소더스'…""대기업 횡포, 못 참겠다""",파이낸셜뉴스,1분전
북한 고위급 대표단 청와대 도착,아이뉴스24,1분전
"洪, ""'한국' 안쓰고 왜 '남한' 쓰나…北 비위 맞추기 그만""",아시아경제,1분전
"이과인, “스쿠데토 향한 큰 걸음 내디뎠다”",베스트일레븐,1분전
"[MD포토] 이기정-장혜지 '졌지만, 잘 싸웠다'",마이데일리,1분전
[MD포토] 이기정 '아쉬운 마음',마이데일리,1분전
"[TV톡톡] ""겉은 식빵·속은 슈크림""…'나혼자' 김연경, 여전한 단짠단짠 매력",OSEN,1분전
"[Oh!쎈 레터]솔직발언 vs 자질부족, 갑론을박 김미화 개막식 중계",OSEN,1분전
"[뒤끝뉴스] 남경필과 이재명, 그리고 ‘채무제로’",한국일보,1분전
"'작은 신의 아이들' 심희섭, 반사회적 검사의 실소",한국일보,1분전
"김여정 제1부부장, '꼿꼿하게'",뉴시스,1분전
文대통령-北 대표단 면담 시작…밝은 얼굴로 '악수',머니투데이,1분전
"[올림픽] '아쉬운 패배' 이기정-장혜지 ""남은 2경기 반드시 잡겠다""",뉴스1,1분전
경기 포천 플라스틱 공장과 식자재 유통업체에서 불…3억6천여만 원 피해,KBS 뉴스,1분전
"北, 대표단 방남·올림픽 개막 노동신문 1·2면 배치",KBS 뉴스,1분전
"문 대통령, 북한 고위급대표단 접견",연합뉴스,1분전
김여정과 악수하는 문 대통령,국민일보,1분전
김여정·김영남 등 北 대표단 청와대 도착…김정은 친서 전달할까,국민일보,1분전
"[올림픽] 문 대통령, 북한 고위급대표단 접견",연합뉴스,1분전
北 대표단과 반갑게 인사하는 문 대통령,국민일보,1분전
"[2018평창]러시아 피겨요정 메드베데바, 여자싱글 출전",파이낸셜뉴스,1분전
김영남·김여정 靑 방문… 문재인 만났다,헤럴드경제,1분전
문재인 정부는 ‘북바라기’ 그만하고 대한민국 국민의 삶을 챙겨야 한다![김성원 원내대변인 논평],자유한국당,1분전
"[가상화폐 뉴스] 02월 10일 11시 30분 비트코인(12.13%), 리플(31.36%), 비트코인 골드(23.74%)",한국경제TV,1분전
"[컬링]투혼 이기정-장혜지 ""벼랑 끝에 몰려, 이기겠다""",조이뉴스24,1분전
"[컬링]'투혼' 장혜지-이기정 ""벼랑 끝에 몰려, 이기겠다""",조이뉴스24,1분전
[평창 Live]김연아가 전하는 개회식 성화점화 뒷이야기,스포츠조선,1분전
"[EPL 프리뷰] 토트넘 VS 아스널, 북런던 화력 대결 승자는?",인터풋볼,1분전
[속보] 문재인 대통령 맞은편에 앉은 김여정 앞 의문의 서류,매일신문,1분전
[MD포토] 이기정-장혜지 '젖 먹던 힘까지',마이데일리,1분전
"아이콘, 17일째 1위 고공행진‥또 '퍼펙트 올킬' 기록경신",OSEN,1분전
[MD포토] 장혜지 '신중한 투구',마이데일리,1분전
"'담금질 시작한' 정의윤 ""더 높은 곳에 오르고 싶다""",스포츠타임스,1분전
"'성화 점화자' 김연아 ""은퇴 몇 년 됐지만 실수 없어 다행""",서울경제,1분전
[뒷북경제]한국GM에 무슨 일이··· 철수 위기인가 벼랑끝 전술인가,서울경제,1분전
"김여정·김영남 등 北대표단, 靑도착…文대통령 접견·오찬(종합)",뉴스1,2분전
칠곡·포항서 주택·야산 불…1500만원 피해,뉴스1,1분전
"김연아 “평창 성화 스케이팅, 잊지 못할 순간이었다”",서울신문,1분전
SOUTH KOREA PYEONGCHANG 2018 OLYMPIC GAMES,EPA연합뉴스,1분전
"北, 대표단 ‘방남·올림픽 개막’ 노동신문 1·2면 배치",KBS 뉴스,2분전
"문 대통령, 오늘 청와대서 김영남·김여정 접견·오찬",스포츠서울,1분전
사망사고 한 달 만에 또 음주 사고 낸 50대 징역형,데일리안,1분전
(2nd LD) S Korea-N Korea-meeting,연합뉴스,1분전
"[올림픽] '벼랑끝' 장혜지-이기정 ""실수 줄여 무조건 이긴다""",연합뉴스,1분전
"`나혼자산다` 김연경 ""중국 새 소속팀, 차량부터 숙소까지 특급 대우""",매일경제,1분전
[올림픽] 훈련하는 예브게니야 메드베데바,연합뉴스,1분전
NK media-PyeongChang coverage,연합뉴스,1분전
"컬링 4년전 '인기 없으니 밥 먹지마?' 설움, 이젠 예선·순위까지 이목",헤럴드경제,1분전
"문재인 대통령, 김여정과 만났다",오마이뉴스,1분전
[MD포토] 이기정 '양보할 수 없는 승부',마이데일리,1분전
"이건희X여환웅X손동명 출연, '데뷔하겠습니다' 공연 매진",한국일보,1분전
"문 대통령, '청와대서 김여정과 악수'",뉴시스,1분전
"[평창]개막식 생중계, 김연아 성화점화 시청률 52.5% 최고",이데일리,1분전
"빙판서 '일대일 맞짱' 허용하는 아이스하키, 평창에서도 볼 수 있을까?",조선일보,1분전
제천화재 참사 유가족에 대통령 설 선물 전달,뉴스1,1분전
"'하뉘코기라니' 이하늬, 카메라 각도의 중요성",스포츠서울,1분전
"잘 싸운 한국, 세계 최강 러시아 컬링에 석패…4강행 컬링 순위 어찌되나",엠스플뉴스,1분전
"‘대화가 필요해 1987’ 김대희·장동민·이세진, 3인3색 목욕탕 혼비백산",스포츠경향,1분전
北 김여정·김영남 청와대 도착…문 대통령과 접견 시작,국민일보,1분전
꼿꼿 김여정,국민일보,1분전
[올림픽] 청와대 향하는 북한 고위급대표단,연합뉴스,1분전
환한 표정의 김여정,연합뉴스,1분전
캐나다 1월 일자리 8만8천개 감소…9년만에 최대 폭 월간 하락,연합뉴스,1분전
‘고양시 홍보단’ 평창동계올림픽 출격,파이낸셜뉴스,1분전
"[올림픽] 문 대통령, 북한 고위급대표단 접견",연합뉴스,1분전
"트럼프, 호주 대사에 '대중 강경파' 해리스 태평양사령관 지명",YTN,1분전
'컬링 믹스더블' OAR에 석배… 4강행 빨간불,머니S,1분전
"""또 '퍼펙트 올킬'""…아이콘, '사랑을 했다' 17일째 1위",스포츠조선,1분전
"[MD포토] 이기정 '아쉽지만, 다음이 있기에'",마이데일리,1분전
"무주산골영화제, 자원활동가 '산골친구' 모집",뉴시스,1분전
"만경봉 북으로 귀환, 북 예술단 서울행",경향신문,1분전
"‘윤식당2’ 정유미, 사탕 먹고 혼쭐...그래도 러블리한 ‘과장 나부랭이’",서울신문,1분전
"‘윤식당2’ 정유미, 사탕 먹고 혼쭐...“과장 나부랭이”의 귀여움 폭발 장면",서울신문,1분전
"[포토]김연아, '성화대에서 넘어지지 않게 집중'",스포츠서울,1분전
"'나쁜녀석들2' 측 ""정석원, 스페셜 방송 등장 無…녹화도 안해""",TV리포트,1분전
"에일리, ‘도깨비’ 이어 2연속 OST 신드롬 달성",TV리포트,1분전
"'라디오쇼' 박명수 ""딸 음식 먹을 때 가장 흐뭇""",일간스포츠,1분전
(LEAD) (Olympics) NK cheering squad,연합뉴스,2분전
"[올림픽] 김연아 ""성화 도착했을 때 울컥한 마음 들었다""",연합뉴스,1분전
[올림픽] 경호원들에 둘러싸인 김영남 상임위원장,연합뉴스,1분전
[올림픽] 서울 한복판 지나가는 북한 고위급대표단,연합뉴스,1분전
"[올림픽] 단체전 앞둔 최다빈 ""한국팀에 보탬 되고 싶어요""",연합뉴스,1분전
[올림픽] 도심 지나가는 북한 고위급대표단,연합뉴스,1분전
[올림픽] 둘러싸인 김여정,연합뉴스,1분전
"'개회식 감동 점화' 김연아, ""리허설은 딱 이틀""",세계일보,1분전
"[평창 Live]최다빈, 팀이벤트 여자 싱글 6번째 출전",스포츠조선,1분전
에일리 '꽃엔딩' OST '다시 쓰고 싶어'로 차트 상위권 올킬,한국일보,1분전
[날씨] 오후부터 기온 떨어져…수도권 미세먼지 '나쁨',MBC 뉴스,1분전
칠레서 교통사고로 20대 초 韓관광객 남 1명 사망 3명 부상,뉴시스,1분전
"""전주 한옥마을서 가장 한국적인 설 명절 보내세요""",뉴시스,1분전
"‘이방인’ 서민정, 헌터가족과 시트콤 같은 휴일 공개",텐아시아,1분전
"컬링 믹스더블 예선, 장혜지·이기정 2승3패…OAR 의미는?",한국경제,1분전
"[기타뉴스][포토 뉴스] 문 대통령, 김영남 김여정 청와대 만남",경향신문,1분전
통신사 TV 앱으로 평창 올림픽 시청하세요,ZDNet Korea,1분전
미국 시카고 폭설로 1천여 항공편 결항,데일리안,1분전
"[포토]김연아, '성화대 스케이팅 짧아서 아쉬움도'",스포츠서울,1분전
"‘백년손님’ 이봉주X‘바나나’장인, SBS 평창올림픽 ‘다시 뜨겁게’ 응원",스포츠경향,1분전
"[올림픽 NOW] ‘개회식 불참’ 샤니 데이비스, 기수 탈락에 불만",스포티비뉴스,1분전
[부고]이훈희(콘팩 대표이사)씨 부친상,아시아경제,1분전
[포착] '혹시 김정은 친서?' 김여정 앞 의문의 서류 눈길,국민일보,1분전
"[올림픽] 백혈병 극복한 미국 스키선수 ""병 이겨낸 이들에게 영감주고파""",연합뉴스,1분전
[올림픽] 경호원들에 둘러싸인 김여정,연합뉴스,1분전
IoT 기술로 화재현장 소방관 안전 지킨다,헤럴드경제,1분전
[2018 평창] 김연아 “높은 곳에서 스케이팅은 처음…실수 없어 다행”,헤럴드경제,1분전
"[올림픽] '스키 요정' 시프린, 펠프스와 비교에 ""과분한 이야기죠""",연합뉴스,1분전
[올림픽] 귀여운 할배 응원단,연합뉴스,1분전
"‘더유닛’, 유닛B-유닛G가 탄생하는 파이널 생방송 관전포인트",헤럴드경제,1분전
[올림픽] 경호원들에 둘러싸인 김영남 상임위원장,연합뉴스,1분전
김연아는 언제 성화 최종주자인 걸 알았을까?,중앙일보,1분전
"삼석희·황대헌 쇼트트랙 선수 ""멘토는 故 노진규 선수""",부산일보,1분전
김여정 앞 '파란 파일' 김정은 메시지 온 듯,노컷뉴스,1분전
"[PRNewswire] 엠파이어스테이트빌딩, 2018 밸런타인데이 웨딩 콘테스트 수상자 발표",연합뉴스 (보도자료),1분전
"뚜레쥬르, 사랑·우정 '밸런타인·화이트'day 에디션 출시",조세일보,1분전
北 예술단 서울로 출발…만경봉 92호는 북으로 귀환,MBC 뉴스,1분전
"'리틀 포레스트' 김태리 ""류준열, 귀농하면 잘 살 것 같아""",TV리포트,1분전
"'문제적남자’ PD “이상윤·송중기·이세돌, 꼭 섭외하고 싶다” [인터뷰]",TV리포트,1분전
"[2018평창]성화 마지막 주자 김연아 ""선수 출신으로서 영광스러웠던 순간이었다""",스포츠서울,1분전
"'세계 1위' 존슨, AT&T 페블비치 프로암 2R 공동 선두 도약",스포티비뉴스,1분전
"[포토]김연아, 성화대에서 남북 선수들과 짧은 눈인사를",스포츠서울,1분전
[부고]강종중(스포츠서울 사업국장)씨 모친상,아시아경제,1분전
[올림픽] 컬링장의 응원 열기,연합뉴스,1분전
"밀양 화재참사, 세종병원 이사장 등 3명 영장신청",프레시안,1분전
"""겨울공주"" 산다라박, 웨딩드레스에 핑크 모자...청순+우아",매일경제,1분전
[올림픽] 김여정 차량 행렬,연합뉴스,1분전
[올림픽] 광화문  지나가는 북한 고위급대표단,연합뉴스,1분전
[올림픽] 개막식 빛낸 김연아,연합뉴스,1분전
[올림픽] 비밀리에 평양서 北 하키대표팀과 시합한 '간 큰' 미국인,연합뉴스,1분전
"‘더유닛’, 오늘(10일) 파이널 생방송..최종 선발된 아이돌은?",MK스포츠 ,1분전
[올림픽] 기자회견 참석한 김연아,연합뉴스,1분전
"아이스하키 단일팀, 오늘 스위스와 첫 경기",부산일보,1분전
김연아 “높은 곳에서 스케이팅은 처음이었어요”,한국일보,1분전
"클리퍼스, ‘빅딜’ 디트로이트 6연승 저지…6명 두 자리 득점",마이데일리,1분전
"경남도, 일자리 창출 등 '사람중심 산림정책' 추진",뉴시스,1분전
"신상진 위원장, 뉴질랜드 멜리사 리 의원과 방송분야 협력 확대 논의",이데일리,1분전
"故 노진규, 선수가 앓은 골육종 무엇? '뼈암의 일종으로..'",전자신문,1분전
"아이콘, 17일째 1위 올킬 '新 음원강자'",스포츠서울,1분전
[포토]개회식 성화 소감 밝히는 김연아,스포츠서울,1분전
"볼빨간 사춘기 안지영, 평창올림픽 개회식 공연 후 인증샷 “평창 파이팅”",매일경제,1분전
[올림픽]기자회견 마친 김연아,연합뉴스,1분전
[올림픽] 답변하는 송승환 개회식 총감독,연합뉴스,1분전
"매킬로이, 파 4홀 1온5퍼트로 더블보기",연합뉴스,1분전
[올림픽] 밝게 웃는 김연아,연합뉴스,1분전
[그래픽] 평창올림픽 리셉션 헤드테이블 좌석배치 어떻게 바뀌었나,연합뉴스,1분전
[올림픽] 성화요정 김연아 입장,연합뉴스,1분전
[올림픽] 입장하는 송승환-김연아,연합뉴스,1분전
"인면조 제작자 ""뜻밖의 반응, 우리 아이 사랑해주셔서 감사""",부산일보,1분전
창원 은혜병원 정전… 응급환자 6명 긴급이송,머니투데이,1분전
"익산시, 청렴 마일리지 평가 전북도 최우수기관 선정",뉴시스,1분전
[포토]환한 표정의 김여정,이데일리,1분전
"[포토]문 대통령, 북한 고위급대표단 접견",이데일리,1분전
"청와대 南北 오찬, 황태 요리·北백김치·南갓김치",이데일리,1분전
AUSTRALIA TENNIS FED CUP,EPA연합뉴스,1분전
"민주당 ""이건희 회장 특사, 삼성 다스 소송비 대납 관련성 의심""",뉴스1,1분전
"[올림픽] 김연아 ""리허설 때도 긴장 안했는데, 불이 붙으니 울컥하더라""",뉴스1,2분전
[영상] 16년 만에 온 만경봉92호 北귀환…예술단은 서울행,뉴스1,1분전
‘지금 안방극장은 부성애vs모성애’…‘크로스’X‘마더’,스포츠경향,1분전
"""청순+우아""... 산다라박, 순백의 웨딩드레스 자태",일간스포츠,1분전
‘피겨 단체전’ 차준환 경기에 최다빈-민유라 등 응원단 ‘묘미’,뉴스엔,1분전
"[포토]송승환 감독, 마지막 성화 채화한 기둥의 정체는...",스포츠서울,1분전
[올림픽] 기자회견 마친 김연아,연합뉴스,2분전
[올림픽] 김영남 의자 잡아주는 김여정,연합뉴스,1분전
"중국 도움 뿌리친 대만, 지진현장서 실종 중국인가족 수색 총력",연합뉴스,1분전
"천호식품, 진도 특산물 울금의 우수성 홍보 및 판매 활성화 나선다!",머니S,1분전
"[올림픽] ""남북 하키단일팀 냉전관계 녹일까"" 외신 주목",연합뉴스,1분전
[올림픽] 삼엄한 경비 속  이동하는 북한 고위급대표단,연합뉴스,1분전
‘마지막 성화주자’ 김연아 “너무 영광스러운 순간…이틀간 리허설”,중앙일보,1분전
"토트넘 손흥민, 아스널전에서 골사냥 나선다",스포츠타임스,1분전
"美 ""펜스, 평창개막식서 北과 인사 피한 것 아니다""",머니투데이,1분전
"文대통령-北대표단 오찬, 황태 그리고 北 백김치와 南 갓김치",머니투데이,1분전
[포토]청와대 향하는 북한 고위급대표단,이데일리,1분전
"이상민 의원, 더불어민주당 과학기술특위 위원장 선임",이데일리,1분전
"[포토]문 대통령, 북한 고위급대표단과 환담",이데일리,1분전
김여정 밀착수행 김성혜…北서 보기드문 여성 대남통,KBS 뉴스,1분전
송승환 평창올림픽 총감독이 밝힌 ‘인면조’ 등장 이유,서울신문,1분전
토요일 오전 전국 고속도로 원활,데일리안,1분전
'평창 개막식' 총 감독 송승환은 누구? 배우 출신+'난타' 제작자,enews24,1분전
"'D-2' 로이킴, 신곡 '그때 헤어지면 돼' 감성 맛보기",TV리포트,1분전
"[단독] 윤여정, '집사부일체' 4번째 사부…'꽃청춘 이승기와 재회",TV리포트,1분전
"버거킹, 응원 기운 가득 담은 시즌 한정 킹박스(King Box) 선보여",머니S,1분전
서울광장 스케이트장 낮 1시부터 운영중단…미세먼지 '나쁨',연합뉴스,2분전
"작년 美 핵추진잠수함 일본 사세보항 기항, 26회로 사상최다",연합뉴스,2분전
(Olympics) cauldron lighter-PyeongChang,연합뉴스,1분전
日 국가부채 지난해 1경886억원 사상 최대..고령화탓,파이낸셜뉴스,1분전
포천 플라스틱 제조업체 불…3억6천만원 피해,연합뉴스,1분전
"[평창] 김연아 ""그렇게 높은 곳에서 연기 처음...실수할까 걱정해""",이데일리,1분전
올림픽 메뉴·이색매장...평창서 만나는 '맥도날드',조세일보,1분전
"[올림픽] 'OAR' 메드베데바, 팀이벤트 여자싱글 출격…최다빈 6번째로 연기",뉴스1,1분전
"[포토]승승환 감독, '인면조는 고구려 벽화 등에서 착안한 것'",스포츠서울,1분전
'토트넘전 4경기 4골' 오바메양 북런던더비에선 어떨까,스포티비뉴스,1분전
"[평창올림픽] 김연아, 성화 점화 직전 깜짝 연기 걱정한 이유?",MK스포츠 ,1분전
[올림픽] 청와대 방문한 '북한 고위급대표단',연합뉴스,1분전
[올림픽] '북한 고위급대표단' 안내하는 조명균 장관,연합뉴스,1분전
(3rd LD) S Korea-N Korea-meeting,연합뉴스,1분전
[올림픽] 열띤 응원,연합뉴스,1분전
[올림픽] 광화문 지나가는  북한 고위급대표단,연합뉴스,1분전
[올림픽] 청와대 방문한 김영남-김여정,연합뉴스,1분전
[2018평창올림픽]강릉 올림픽파크서 '올림픽 축하 K-POP콘서트' 매주 펼쳐진다,윈터뉴스 코리아,1분전
[포토]'제23회 재단법인 선현 장학금 수여식',이데일리,1분전
"北신문, 펜스 美부통령 방한 행보 비난…“신성한 올림픽 악용”",KBS 뉴스,1분전
"""매일이 新기록""…아이콘, 17일째 1위 '퍼펙트 올킬'",헤럴드POP,1분전
"‘미스티’ 고준, 잘생김 묻은 현장 셀카 공개하며 반전 매력 뽐내",스포츠경향,1분전
"한국당 ""文정부, 北바라기 그만하고 국민 삶 챙겨야""",뉴스1,1분전
[2018 평창] ‘컬링’ 장혜지-이기정 OAR에 연장패… 남은 2경기 이겨야 4강행,아시아경제,1분전
건조주의보 속 영덕 창수면 산불…임야 2ha태워(종합),뉴스1,1분전
"北 노동신문, 펜스 美 부통령 방한 행보 비난",아시아경제,1분전
"[NDday] 백지영, 오늘(10일) 콘서트 2회 강행…정석원 언급할까",뉴스1,1분전
"김여정·김영남, 청와대 도착… 文 대통령과 인사 나눠",스포츠동아,1분전
"송승환+양정웅 감독 ""뷰티풀 개막식""",스포츠서울,1분전
"버버리, ‘17 Years of Soundtracks’ 플레이리스트 공개",머니S,1분전
[포착] 김여정 밀착 수행한 여성은 2002년 박근혜 우산 씌워줬던 김성혜,국민일보,1분전
"단일팀 한반도기엔 빠졌지만, 북한 응원단이 고수했던 이것",국민일보,1분전
[올림픽] 광화문 지나가는  북한 고위급대표단,연합뉴스,1분전
"""생활안전 침해사범 꼼짝마""…경남도, 민생치안 기획단속",뉴시스,1분전
올림픽 개회식 시청률 1위 KBS… MBC는 구설에,미디어오늘,1분전
한은총재 인선 늦어지면 금통위 좌장 누가 되나,서울경제,1분전
"김연아 ""높은 곳 스케이팅은 처음…딱 이틀간 리허설 진행""",한국경제,1분전
‘더유닛’ 오늘(10일) 파이널 생방송..최종 男女 18명 누구?,서울경제,1분전
"'짠내투어' 박나래 ""새로운 재미줄 것"" 우승 예고",스포츠조선,1분전
"[포토]문 대통령, ‘북한 고위급대표단과 청와대에서’",이데일리,1분전
서울광장 스케이트장 미세먼지로 낮 1시부터 중단,MBC 뉴스,1분전
"‘복면가왕’, 가왕 ‘레드마우스’에 맞설 강력 라이벌 등장",텐아시아,1분전
"'평창 신스틸러' 인면조 제작자 ""우리 아이 사랑해주셔서 감사하다""",엑스포츠뉴스,1분전
"김여정, 文대통령 접견에 파란색 파일 들고 입장…시선집중",뉴스1,1분전
"올림픽 개막식 찾은 신태용 감독 ""다시 월드컵 준비 들어간다""",뉴스1,1분전
"팰리스 잔류 청용, “훈련 집중하기 힘들었다”",베스트일레븐,1분전
"[2018평창] 美 스피드스케이팅 샤니 데이비스, 기수 탈락 불만 표출…개회식도 불참",스포츠서울,1분전
［平昌五輪］聖火最終点火者のキム・ヨナさん　「忘れられない瞬間だった」,연합뉴스,1분전
"[올림픽] 메드베데바, 강릉서 첫 연습…11일 단체전서 올림픽 데뷔(종합)",연합뉴스,1분전
"[올림픽] 김여정, 김영남에게 '깍듯하게'",연합뉴스,1분전
"[올림픽] 청와대 접견실 들어서는 김영남, 김여정",연합뉴스,1분전
"노진규 ""많이 울었다"" 너무 안타까운 사연",헤럴드경제,1분전
경북전문대학교 2017년도 제45회 학위수여식 거행,헤럴드경제,1분전
"김규리, 그가 단 한 번도 인터뷰를 하지 않았던 이유",오마이뉴스,1분전
"농구팬들 당황시킨, KBL의 어처구니없는 징계",오마이뉴스,1분전
[포토]'제23회 재단법인 선현 장학금 수여식' 개최,이데일리,1분전
“시카고에 눈 30cm”…美 중서부 폭설로 ‘휴교·항공편 결항’,조선일보,1분전
[포토]장학금 전달하는 곽재선 회장,이데일리,1분전
"""문단 내 성폭력 외면하는 작가회의 대책 마련해야""",이데일리,1분전
"[평창Live]송승환감독 ""성화 남북공동 주자, 가슴 벅찼다""",스포츠조선,1분전
"""남는 건 사람""…'집사부일체' 청춘 4인방, 한밤 중 설원결의",스포츠조선,1분전
"미 백악관 “펜스 부통령, 고의로 북한 피한 건 아니다”",KBS 뉴스,1분전
"'키스먼저' 예지원, 시선강탈 패션..멋진 언니",스타뉴스,1분전
CORRECTION Canadian Prime Minister California,AP연합뉴스,1분전
"'집사부일체' 이승기X이상윤X육성재X양세형, 雪원결의 맺었다",헤럴드POP,1분전
"[더 타임즈] 포체티노, 제2의 벵거",The Times,1분전
"에일리, '도깨비' 이어 '꽃엔딩'까지...2연속 OST 신드롬",엑스포츠뉴스,1분전
아이스하키 후원하는 '손가락 에너지' 응원단이 뜬다,뉴스1,1분전
"검찰, 세종병원 이사장·병원장 등 3명 구속영장 청구",뉴스1,1분전
"[2018평창]송승환 개막식 총감독 ""개막식 성화? 88올림픽 굴렁쇠의 오마주""",스포츠서울,1분전
"[올림픽 NOW] AP 통신 ""한국 단일팀 vs 스위스, 큰 관심…이미 매진""",스포티비뉴스,1분전
션♥정혜영 평창 동계올림픽 개막식 관람...“여기는 평창”,매일경제,1분전
[올림픽] 또끼눈 김연아,연합뉴스,1분전
"'아는형님' 안무 연습 현장 공개, 강호동 '스웩댄스'로 초토화",한국일보,1분전
[올림픽] 착석하는 김여정,연합뉴스,1분전
“충격비주얼” “너무 멋있다”…‘평창 개막식’ 인면조 화제,동아일보,1분전
프랜차이즈협회 대의원총회 개최,파이낸셜뉴스,1분전
[올림픽] 올림픽과 김연아,연합뉴스,1분전
[올림픽] 화려한 개막식 마친 김연아,연합뉴스,1분전
[올림픽] 화려한 평창밤 빛낸 김연아,연합뉴스,1분전
[올림픽] 평창밤 빛낸 김연아,연합뉴스,1분전
[올림픽] 답변하는 송승환 개회식 총감독,연합뉴스,1분전
"가습기살균제 재조사 결과, 김상조 공정위원장 직접 발표",이데일리,1분전
[포토]박수치는 마이크 펜스 미국 부통령 내외,이데일리,1분전
[포토]평창 온 마이크 펜스 미국 부통령,이데일리,1분전
"[포토]김여정, 김영남에게 ‘깍듯하게’",이데일리,1분전
"'딤채' 대유위니아, 동부대우전자 품었다",노컷뉴스,1분전
"女아이스하키 남북 단일팀, 스위스와  첫 경기…北 응원단도 본격 응원 돌입",부산일보,1분전
"청와대 “고마워요, 김연아”…평창올림픽 성화봉송 사진 공개",서울신문,1분전
SOUTH KOREA PYEONGCHANG 2018 OLYMPIC GAMES,EPA연합뉴스,1분전
"백악관 “펜스, 고의로 北 피한것 아냐”",데일리안,1분전
"[DA:클립] ‘짠내투어’ 박나래, 또 우승하나… 멤버들에 ‘호평’",스포츠동아,1분전
"MLB.com “오승환, TEX 마무리 따낼 것” 긍정적 전망 이어져",스포츠동아,1분전
[올림픽] 답변하는 양정웅 연출가,연합뉴스,1분전
"윤장현 광주시장, 광산구시설관리공단 이사장 고소",연합뉴스,2분전
"김연아 “성화 점화, 실수 없이 해야 한다는 데 집중”",국민일보,1분전
[포토]김영남 의자 잡아주는 김여정,이데일리,1분전
[포토]2018 평창동계올림픽 찾은 반기문 전 유엔 사무총장,이데일리,1분전
"마산 은혜병원, 지하 5층 변전실 상수도 배관 파손돼 정전 '긴급 대피소동'",전자신문,1분전
[포토]장학금 전달하는 곽재선 KG그룹 회장,이데일리,1분전
"트와이스 日 싱글 '캔디팝', 사흘만에 21만장 돌파…3연속 '플래티넘' 달성 초읽기",부산일보,1분전
국민 절반 TV 앞에 앉힌 '평창 김연아',노컷뉴스,1분전
"SK 정의윤 ""선후배 사이 다리 역할 잘 하겠다""",스포츠조선,1분전
"'짠내투어' 나래투어의 반전 변신..""흥 대신 힐링""",OSEN,1분전
"""이번엔 힐링""…'짠내투어' 박나래, 새로운 재미+우승 예고",헤럴드POP,1분전
"'라이브' 경찰 된 정유미, 눈빛부터 달라졌다",엑스포츠뉴스,1분전
"[컬링] 장혜지·이기정, 쉽게 지지 않는 끈기 '추격의 아이콘'",스포츠월드,1분전
"[DAY컷] ‘집사부일체’ 4人, 눈밭에서 ‘설원결의’ 맺어",스포츠동아,1분전
"北신문 ""펜스, 손님으로 와서 판을 깨…대결모략"" 맹비난",뉴스1,1분전
[포토]개회식 관련 기자회견 입장하는 김연아,스포츠서울,1분전
[올림픽] 박수치는 송승환-김연아,연합뉴스,1분전
"펜스 ""동맹·본토방어 위해 필요한 행동 완벽히 준비돼 있어""",AP연합뉴스,1분전
"[올림픽] 북한, 김여정-리선권의 '대화'",연합뉴스,1분전
[포토]아베 일본 총리 2018 평창동계올림픽 참석,이데일리,1분전
"‘윤식당2’ 정유미, 눈치백단 부엌요정… 윤여정 “대만족”",한국경제,1분전
[포토]2018 평창동계올림픽 찾은 미-일-중 VIP,이데일리,1분전
[평창동계올림픽] 컬링 믹스더블팀 5차전 패배···4강에 오르려면,서울경제,1분전
"靑 “펜스, 리셉션 만찬 불참 1시간 전에 알려와”",이데일리,1분전
[포토]중국선수단 입장 환영하는 한정 중국 정치국 상무위원,이데일리,1분전
[포토]일자기 흔드는 아베 일본총리,이데일리,1분전
[포토]이야기 나누는 마이크 펜스 미국 부통령-아베 일본 총리,이데일리,1분전
"[평창 인스타스타]졸리 닮은 러시아 믹스컬링 환상미녀, 브리즈갈로바",스포츠조선,1분전
"[★날선무비]'조선명탐정3', 추리는 사라지고 황당은 늘고",스타뉴스,1분전
[스타톡톡] “대답하지 않겠습니다”..‘미스티’ 지진희에 입덕한 순간,OSEN,1분전
"[평창] '믹스더블 컬링' 장혜지-이기정, OAR에 연장전 패배",일간스포츠,1분전
"[가상화폐 뉴스] 02월 10일 12시 00분 비트코인(11.1%), 리플(31.19%), 비트코인 골드(21.53%)",한국경제TV,1분전
[이주의 가상통화]'테더 청문회' 뒤 비트코인 1000만원선 회복…불확실성은 여전,아시아경제,1분전
김여정 등 北 대표단 청와대 도착(종합2보),아시아경제,1분전
"[올림픽 NOW] 송승환 총감독 ""개회식 예산 적었기에 더 알차게 준비했다""",스포티비뉴스,1분전
"전 세계의 영화 축제, ‘오스카 레이스’가 시작됐다",시사저널,1분전
"北매체 ""한반도기에 독도 표기 못할 근거 없어""",연합뉴스,1분전
김영남 상임위원장 바라보는 김여정,뉴시스,1분전
청와대 접견실 들어서는 북측 고위급 대표단,뉴시스,1분전
[올림픽] 문 대통령 접견 앞둔 '북한 고위급대표단',연합뉴스,1분전
"그리드잇, 우버 홍콩과 공동 마케팅 캠페인 펼친다",이데일리,1분전
제주카지노 이전 확장 놓고 주민-시민사회단체 ‘갈등의 골’,파이낸셜뉴스,1분전
[올림픽] 이기정의 스위핑,연합뉴스,1분전
[올림픽] 컬링 믹스더블 국가대표,연합뉴스,1분전
[올림픽] 닦고 또 닦고,연합뉴스,1분전
文대통령·김여정 밥상엔 '南대표 갓김치와 北대표 백김치',파이낸셜뉴스,1분전
[올림픽] 머리를 맞대고,연합뉴스,1분전
[포토]개회사하는 토마스 바흐 국제올림픽위원회(IOC) 위원장,이데일리,1분전
[포토]개회사하는 토마스 바흐 IOC 위원장,이데일리,1분전
[특파원+] '평창의 마법'에 걸린 남·북·미 삼국지,세계일보,1분전
김여정 등 北 대표단 청와대 오찬에 8도 음식 다 올라…메인 메뉴는,중앙일보,1분전
文대통령 “추운 날씨에 고생 많았다” 김여정 “마음 많이 써줘 괜찮았다”,이데일리,1분전
`신차파크` 보증금 없는 장기렌트카·자동차리스 비교견적 핫세일 가격 프로모션,디지털타임스,1분전
SOUTH KOREA PYEONGCHANG 2018 OLYMPIC GAMES,EPA연합뉴스,1분전
"김미화 2018평창동계올림픽 중계 소감 ""아름다운 밤""",데일리안,1분전
"정석원, 결혼식 때 폭풍오열 ""주체할 수 없을 정도""",데일리안,1분전
'캐나다 출신·통산 144SV' 액스포드. TOR과 마이너 계약,일간스포츠,1분전
"[이슈IS] ""실망vs편안함"" 올림픽 첫날부터 터진 김미화 중계 '혹평'",일간스포츠,1분전
"‘미스티’ 지진희, 김남주 변호인 됐다…위기 극복할까",텐아시아,2분전
[포토]개회식 관련 기자회견을 위해 입장하는 송승환 감독과 김연아,스포츠서울,1분전
김영남 의자 잡아주는 김여정,뉴시스,1분전
김여정-김영남 등 북 대표단 청와대 방문,뉴시스,1분전
"김여정 노동당 중앙위원회 제1부부장, '청와대 방문'",뉴시스,1분전
"문재인 대통령, '북측 고위급 대표단과 접견 및 오찬'",뉴시스,1분전
귀엣말하는 김여정과 리선권,뉴시스,1분전
김여정 가져온 파란 파일철 주목…김정은 대남 메시지 가능성,국민일보,1분전
문재인 대통령 기다리는 북 고위급 대표단,뉴시스,2분전
청와대 방문한 북 고위급 대표단,뉴시스,1분전
청와대 방문한 북 김여정 노동당 중앙위원회 제1부부장,뉴시스,1분전
김여정 제1부부장 '꼿꼿하게',뉴시스,1분전
청와대 접견실 들어서는 북측 고위급 대표단,뉴시스,1분전
[포토]팀 코리아 점퍼 입고 박수치는 문재인 대통령 내외,이데일리,1분전
접견실 들어서는 문재인 대통령,뉴시스,1분전
"문 대통령, '북 대표단과 청와대서 접견'",뉴시스,1분전
대화 나누는 김여정과 리선권,뉴시스,1분전
[포토]이야기 나누는 문재인 대통령 내외,이데일리,1분전
[올림픽] 문 대통령 접견 앞둔 김여정과 김영남,연합뉴스,1분전
"[올림픽] 북한 김여정, '무슨생각'",연합뉴스,1분전
MBC 개막식 중계 '수난'…김미화 진행 뭇매+시청률 꼴찌,조이뉴스24,1분전
SOUTH KOREA PYEONGCHANG 2018 OLYMPIC GAMES,EPA연합뉴스,1분전
"[★NEWSing]'리턴', 대본 리딩 재개..고현정 대신 박진희 참석할까",스타뉴스,1분전
"""설원결의""…'집사부일체' 4인, 눈밭에서 의형제 맺었다",TV리포트,1분전
'IOC-POCOG 데일리 브리핑 참석한 김연아'[포토],엑스포츠뉴스,1분전
"북 ""제재로 유엔 분담금 납부 불가능"" 제재 해제 요청",뉴시스,1분전
귀엣말하는 김여정과 리선권,뉴시스,1분전
"[올림픽]문 대통령, 북한 고위급대표단 접견",연합뉴스,1분전
"컬링 장혜지-이기정, 러시아 선수들에 연장패",SBS 뉴스,1분전
"‘신스틸러’ 평창올림픽 인면조, 이광수vs김동현 닮은꼴 대결...승자는?",서울신문,1분전
BRAZIL CARNIVAL,EPA연합뉴스,1분전
‘핫샷’ 김티모테오Ｘ고호정 “’더유닛’ 파이널 무대 최선 그리고 감사“ 소감 전해!,스포츠경향,1분전
[MD포토] 김연아 '번역기가 잘 들리나?',마이데일리,1분전
"송승환, ""성화 최종주자, 리허설 없었다...개막식 전날 통보받아""",OSEN,1분전
김연아 '언제 어디서나 기품 넘치는 모습'[포토],엑스포츠뉴스,1분전
서울광장 스케이트장 대기질 악화로 운영중단,뉴스1,1분전
"방남 이틀째 김여정, 숙소는 ‘철통 보안’",한국일보,1분전
"[포토]김연아, 헤드셋이 잘 안 끼워져...",스포츠서울,1분전
文대통령·北대표단 오찬 메뉴 보니…황태 요리에 한라산 소주,한국경제,1분전
[포토]앞 뒤로 선 남-북 VIP,이데일리,1분전
"[올림픽]문 대통령, 북한 김영남과 악수",연합뉴스,2분전
[포토]김영남 북한 최고인민회의 상임위원장과 악수하는 문재인 대통령,이데일리,1분전
[올림픽] 승리를 위해,연합뉴스,1분전
"[올림픽] 문 대통령, 북한 고위급대표단과 환담",연합뉴스,1분전
"'펜스 부통령님, 남의 잔치에 찬물 끼얹으러 오셨어요?'",오마이뉴스,1분전
Clippers Pistons Basketball,AP연합뉴스,1분전
[EPL 프리뷰] 맨시티 무딘 화력은 일시적? 다시 확인할 레스터전,스포탈코리아,1분전
"문 대통령, 청와대서 北고위급 대표단 접견·오찬",KBS 뉴스,1분전
"[EPL 프리뷰] 운명의 북런던 더비, 뜨거워질 웸블리와 주인공 노리는 손",스포탈코리아,1분전
"'미스티' 지진희, 김남주 변호인으로 등장 ""대답하지 않겠습니다""",부산일보,1분전
[MD포토] 평창올림픽 개막식을 빛낸 김연아,마이데일리,1분전
[MD포토] 데일리 브리핑에 참석한 성백유 조직위 대변인,마이데일리,1분전
평창 올림픽 화려한 개막…평화의 메시지 가득,KBS 뉴스,1분전
"아이콘 17일째 1위 고공행진, 매일 자체 신기록 경신",마이데일리,1분전
"[올림픽] 굴렁쇠 오마주, 울컥했던 피겨퀸…직접 들어본 '감동의 개회식'",뉴스1,1분전
"[포토]송승환 감독, '김연아는 몇 달 전 미리 섭외'",스포츠서울,1분전
[포토]이야기 나누는 김여정-김영남,이데일리,1분전
[포토]한국찾은 북한 김여정-김영남,이데일리,1분전
[포토]남북 단일팀 환영하는 김여정 북한 당 중앙위원회 제1부부장,이데일리,1분전
[포토]단일팀에 손 흔드는 김여정-김영남,이데일리,1분전
[포토]남북단일팀 환영하는 김여정-김영남,이데일리,1분전
[포토]평창 찾은 김여정 북한 당 중앙위원회 제1부부장,이데일리,1분전
"김영남 ""담배 한 대 피울까""…통일부 장·차관 총출동한 김여정 영접",중앙일보,1분전
먹이 구하는 어린 멧돼지를 찾아보세요(숨은 그림 찾기),오마이뉴스,1분전
"아이콘, 新음원강자 등극...'사랑을 했다', 17일째 차트 1위",YTN,1분전
‘세종병원 화재’ 이사장 등 3명 영장 신청,KBS 뉴스,1분전
‘리턴’ 장솜이 “촬영장서 이진욱 선배님 응원과 격려 힘이 돼”,스포츠경향,1분전
"[2018 평창] 컬링 이기정-장혜지, 러시아 부부에 아쉽게 연장패",스포츠경향,1분전
실험실에서 ‘인간 난자’ 배양 첫 성공,KBS 뉴스,1분전
[MD포토] 송승환 총감독 '인면조는 고구려 벽화에서 착안',마이데일리,1분전
"서울광장 스케이트장, 미세먼지 '나쁨'으로 오후 1시부터 운영중단",아시아경제,1분전
‘월요일이 사라졌다’ 일곱 쌍둥이의 ‘월화수목금토일’ 개성 담은 포스터 공개,아시아경제,1분전
"""남는건 사람""…'집사부일체' 4인방 눈 먹으며 '설원결의'",일간스포츠,1분전
브라질 카니발 축제 시작,KBS 뉴스,1분전
[2018평창] 올림픽 밤하늘 밝힌 오륜기…1218대 인텔 드론에 주목,디지털데일리,1분전
'인사말하는 송승환 총감독'[포토],엑스포츠뉴스,1분전
오후부터 다시 한파…미세먼지 농도 ‘나쁨’,KBS 뉴스,1분전
청와대 접견실 들어서는 북측 김여정 노동당 중앙위원회 제1부부장,뉴시스,1분전
[포토]평창에서 만난 韓-美-北,이데일리,1분전
"[포토]송승환 총감독, '남북 공동 성화주자 리허설 없어 걱정했는데 잘 해냈다'",스포츠서울,1분전
"[NBA 영상] '올라디포 35득점' 인디애나, 동부 1위 보스턴 제압",스포티비뉴스,1분전
"[올림픽 NOW] 개회식 빛낸 점화자 김연아 ""실수 없이 해야 한단 생각뿐""",스포티비뉴스,1분전
[올림픽] 청와대 접견실 들어서는 북한 김여정,연합뉴스,1분전
"평창올림픽 믹스더블 컬링 장혜지-이기정, 러시아에 아쉬운 연장패",매일경제,1분전
"‘신스틸러’ 평창올림픽 인면조, 이광수vs김동현 닮은꼴 대결...승자는?",서울신문,1분전
"[평창★] '공동 기수' 원윤종 ""특별한 순간.. 실수할까 긴장""",스타뉴스,1분전
"[스브스뉴스] 김연아를 보며 키운 피겨의 꿈…""내 이름은 지서연""",SBS 뉴스,1분전
"""북한 여성들을 향한 관음증적 카메라 자제해야""",노컷뉴스,1분전
"[평창 인스타스타]졸리 닮은 러시아 믹스컬링 환상미녀, 브리즈갈로바",스포츠조선,1분전
‘블랙팬서’ 마블 영화 최초 ‘타임지’ 커버 장식,아시아경제,1분전
"靑 북측 대표단 오찬 메뉴는 황태, 건배주는 한라산 소주",아시아경제,1분전
[MD포토] 브리핑 참석한 송승환 총감독,마이데일리,1분전
'질문에 답하는 양정웅 총연출'[포토],엑스포츠뉴스,1분전
"아이콘, 이쯤되면 ‘붙박이 1위’… 3주째 차트 정상",스포츠동아,1분전
文대통령-北대표단 '남북단일 오찬'…황태·백김치·한라산소주,뉴스1,1분전
"문재인 대통령, 北 김영남·김여정과 점심...메뉴는 '황태요리'와 '한라산 소주'",한국경제,1분전
[닥터몰라의 IT이야기]인텔 제온 전 라인업 스카이레이크-SP 적용 의미,이데일리,1분전
[포토]한 마음으로 남북 단일팀 응원,이데일리,1분전
"백운규 산업장관, 12일 국회서 한국GM 입장 발표",이데일리,1분전
[포토]2018 평창동계올림픽 찾은 이명박,이데일리,1분전
착석 미루던 김영남·김여정..靑에선 김여정이 김영남 의자 빼줘,이데일리,1분전
[포토]평창동계올림픽 찾은 이명박,이데일리,1분전
'아육대'부터 '토토가'까지…'2018 MBC 설 특집 프로그램',조선일보,1분전
"'더유닛' 생방 4시간전, 파이널 미션곡 음원 선공개",일간스포츠,1분전
"美 스키요정 시프린 ""펠프스와 비교? 말도 안 된다""",노컷뉴스,1분전
"김연아가 밝힌 개막식의 감동, 아찔했던 순간",노컷뉴스,1분전
"윤아, 내일이 효리네 민박 방송인데 태국에 계시네요",마이데일리,1분전
"[공식입장] MBC 측 ""김미화 개회식 중계 논란? 상황 확인 중""",OSEN,1분전
[MD포토] 답변하는 양정웅 총연출,마이데일리,1분전
"컵케이크·PJ컬렉션·해외패션대전...현대百, 쇼핑 초대",조세일보,1분전
"'피겨 여왕' 김연아, ""평창 올림픽 성화 점화, 너무나 영광스러운 순간""",OSEN,1분전
'취재진 질문에 답하는 마크 아담스 IOC 대변인'[포토],엑스포츠뉴스,1분전
"[MD포토] 김연아 '마지막 성화주자, 영광이었다'",마이데일리,1분전
[올림픽] 노로 바이러스 확진환자 11명 추가발생… 총 139명,뉴스1,1분전
"백운규 산업장관, 12일 국회서 한국GM 해법 내놓나?",이데일리,2분전
"[포토]김연아, 성화가 앞에 도착했을 때 울컥!",스포츠서울,1분전
[올림픽] 개회식 입장권 판매율 99.2%…10일 경기 5만 8천장 팔려,연합뉴스,1분전
김여정 “대통령께서 마음을 많이 써주셔서”…문대통령 접견,국민일보,1분전
[올림픽] 파란색 파일 들고 착석하는 김여정,연합뉴스,1분전
[올림픽]귀엣말하는 김여정-리선권,연합뉴스,1분전
"하현우 ""평창 개막식 참여, 잊지 못할 행복""",조이뉴스24,1분전
에어서울 타면 나가사키 ‘하우스텐보스’ 입장표 증정,스포츠경향,1분전
"쇼트트랙 중계사상 첫 선수 출신 현장 리포터 조해리, 중계 열전",스포츠경향,1분전
"[뮤직IS] ""퍼펙트 올킬"" 아이콘 17일째 1위 고공행진",일간스포츠,1분전
평창 개막…중견·중기도 뛴다,아시아경제,1분전
[MD포토] 김연아 '그렇게 높은 곳에서 스케이팅은 처음',마이데일리,1분전
"'집사부일체' 의형제 4인방, 눈 먹으며 설원결의 ""미세먼지 맛""",한국일보,1분전
"SK 정의윤 ""팀이 하나로 뭉칠 수 있도록 하겠다""",뉴스1,1분전
"펜스 美부통령 ""문 대통령, 대북 추가제재 지지""",머니투데이,1분전
[포토]'발언하는 곽재선 회장',이데일리,1분전
[포토]'곽재선의 창을 듣다',이데일리,1분전
"[올림픽] 문 대통령, 북한 김여정과 악수",연합뉴스,1분전
USA BASKETBALL NBA,EPA연합뉴스,1분전
"넥센타이어, 설날 맞이 고속도로 무상점검 캠페인 실시",스포츠경향,1분전
"[건강을 읽다]장시간 올림픽 시청, 안구건조증 주의",아시아경제,1분전
"[평창 Live]올림픽 데뷔전 앞둔 최다빈 ""연습한만큼 잘하고 싶다""",스포츠조선,1분전
'평창올림픽 개막식 빛낸 김연아'[포토],엑스포츠뉴스,1분전
"고현정 하차 '리턴', 오늘(10일) 대본리딩…박진희 측 ""출연 결정 無""",마이데일리,1분전
"[MD포토] 김연아 '성화 도착했을 때, 울컥 하더라'",마이데일리,1분전
[포토' 2018 talK Great 개최',이데일리,1분전
문 대통령-북 대표단 접견 시작…'김정은 친서' 전달할까?,JTBC,1분전
"청와대 간 김여정 ""대통령께서 마음을 많이 써주셔서…""",프레시안,1분전
"문 대통령 ""추운데 고생많았다""…김여정 ""마음 써주셔서 괜찮아""",연합뉴스,2분전
"[올림픽] 문 대통령, 북한 리선권과 악수",연합뉴스,1분전
문재인 만난 김영남 김여정… 남북 정상회담 가능할까,헤럴드경제,1분전
김여정 밀착수행 김성혜…北서 보기드문 여성 대남통,헤럴드경제,1분전
'인사말하는 성백유 조직위 대변인'[포토],엑스포츠뉴스,1분전
"‘집사부일체’ 이승기-이상윤, 한밤중 눈 먹방한 이유는?",MK스포츠 ,1분전
[MD포토] 발언하는 마크 아담스 IOC 대변인,마이데일리,1분전
"KBS, 평창올림픽 개막식 시청률 23%…압도적 1위 기록",텐아시아,1분전
청와대 방문해 대화 나누는 김여정-리선권,뉴시스,1분전
"문재인 대통령, '북측 고위급 대표단과 인사'",뉴시스,1분전
청와대 접견실 들어서는 김여정 미소,뉴시스,1분전
"문재인 대통령, '김여정 등 북 대표단과 접견'",뉴시스,1분전
문 대통령 바라보는 김여정,뉴시스,1분전
김영남-김여정 등 북측 대표단 청와대 방문,뉴시스,1분전
접견실 착석하는 김영남과 김여정,뉴시스,1분전
"北매체, 文대통령-김영남 만남 보도..“따뜻한 인사 나눠”",이데일리,1분전
"‘미스티’ 김남주, 뜻하지 않은 압박감에 방송포기 …지진희 모친에 “임신중절 고백”",한국경제,1분전
"문재인 대통령, '북 고위급 대표단과 청와대서 접견'",뉴시스,1분전
북측 고위급 대표단 접견 및 오찬 참석하는 문 대통령,뉴시스,1분전
"[포토]송승환 감독, '개폐회식 적은 예산에 90% 이상의 결과를'",스포츠서울,1분전
SOUTH KOREA PYEONGCHANG 2018 OLYMPIC GAMES,EPA연합뉴스,1분전
[올림픽] 착석하는 북한 김영남과 김여정,연합뉴스,1분전
"[포토]컬링 장혜지-이기정, '집중 또 집중'",조이뉴스24,1분전
'IOC-POCOG 데일리 브리핑 개최'[포토],엑스포츠뉴스,1분전
"컬링 혼성팀, 세계선수권 우승팀 상대로 연장전 끝에 분패",YTN,1분전
[MD포토] IOC-POCOG 데일리 브리핑,마이데일리,1분전
"""역사적 순간""…문 대통령-김여정 악수 상징성 주목",JTBC,1분전
김여정 제1부부장과 리선권 위원장의 대화,뉴시스,1분전
"[평창]송승환 총감독 ""예산 제약 있었지만 알차고 꽉찬 개회식""",이데일리,1분전
청와대 접견실 들어서는 김여정,뉴시스,1분전
[포토]'세션1. 키워드로 말하는 KG',이데일리,1분전
"문재인 대통령, '김여정 등 북 대표단과 접견'",뉴시스,1분전
김여정 등 북 고위급 대표단 청와대 방문,뉴시스,1분전
서울 낮 12시 기준 초미세먼지 주의보 발령,뉴스1,1분전
"[SS이슈] ""음메 기살어""…여론 읽지 못한 김미화의 아쉬운 태도",스포츠서울,1분전
"""똘망똘망 귀요미""..최시원, 생일 기념 아기 사진",헤럴드POP,1분전
Clippers Pistons Basketball,AP연합뉴스,1분전
Cavaliers Hawks Basketball,AP연합뉴스,1분전
Red Wings lslanders Hockey,AP연합뉴스,1분전
Pacers Celtics Basketball,AP연합뉴스,1분전
"[올림픽] 김연아 ""성화 점화는 잊지 못할 순간…울컥했다""(종합)",연합뉴스,1분전
"피자알볼로, 점주들 대상 찾아가는 간담회 열어",스포츠경향,1분전
"-올림픽- 이민식, 부상으로 슬로프스타일 예선 불참",연합뉴스,1분전
[2018 평창]北 예술단 서울로 출발…만경봉 92호는 북으로,스포츠경향,1분전
"[가상화폐 뉴스] 비트코인 골드, 전일 대비 32,900원 (30.55%) 오른 140,600원",한국경제TV,1분전
"[포토]컬링 장혜지-이기정, '러시아에 연장 끝 석패'",조이뉴스24,1분전
"부폰, 유벤투스서만 세리에 ‘500경기’ 달성",베스트일레븐,1분전
"김연아 '성화 점화, 영광이었다'[포토]",엑스포츠뉴스,1분전
"[TV엣지] “일주일내내 시청자 울려”… ‘크로스X마더’, 6인 6색 부모愛",스포츠동아,1분전
"日 국가채무, 지난해말 1경880조원으로 사상 최대",뉴시스,1분전
"[포토]성화 점화 김연아, '선수 출신으로 영광스러운 순간'",스포츠서울,1분전
"""복근 어디갔나요""..윤승아, 운동이 필요해?",헤럴드POP,1분전
[올림픽]북한 김여정든 파일은?,연합뉴스,1분전
"文대통령 ""추운 날씨에 고생 많았다"" 김여정 ""마음 써줘 괜찮았다""",파이낸셜뉴스,1분전
"이노비즈 최고위 원우 기업 ""페리 이용 한중 자전거 여행갑니다""",파이낸셜뉴스,1분전
"北 김여정의 파란색 서류철, 김정은 친서?…미소로 접견 시작",중앙일보,1분전
"아이콘, '사랑을 했다' 17일째 1위...매일매일 자체 신기록 경신",엑스포츠뉴스,1분전
양정웅-김연아-송승환 '환한 미소로 인사'[포토],엑스포츠뉴스,1분전
"문 대통령, 김여정 부부장에게 “추운데 밤늦게 고생 맞으셨다”",한겨레,1분전
"김연아 ""점화 장면 연습은 딱 이틀""",SBS 뉴스,1분전
"[취재파일] 기생충학자 서민 교수 ""10년 넘게 글쓰기 지옥훈련 했죠""",SBS 뉴스,1분전
"'윤식당2' 이서진, 이전무 승진 기념 이승기에 야식차 선물",부산일보,1분전
[평창리뷰]인면조-통가맨-버뮤다반바지...개회식 '유쾌황당신' 톱5,스포츠조선,1분전
[MD포토] 송승환 총감독 '개막식 성화는 88올림픽 오마주',마이데일리,1분전
공동입장에 성화점화까지…뭉클했던 개회식 하이라이트,JTBC,1분전
"[MD포토] 송승환 총감독 '김연아, 몇 달 전부터 섭외'",마이데일리,1분전
北대표단 접견에 서훈 국정원장 배석 왜…남북정상회담 준비?,이데일리,1분전
[평창] 美 인텔이 선보인 올림픽 개막식 `드론쇼`..한국은?,이데일리,1분전
"[올림픽] ""저비용 고감동"" 송승환 총감독이 밝힌 개회식 예산",뉴스1,1분전
Hornets Jazz Basketball,AP연합뉴스,1분전
Pyeongchang Olympics,AP연합뉴스,1분전
Canadian Prime Minister California,AP연합뉴스,1분전
Cavaliers Hawks Basketball,AP연합뉴스,1분전
Flames Rangers Hockey,AP연합뉴스,1분전
"文 ""추운날씨 밤늦게 고생많아"", 金 ""마음써줘서 괜찮다""",매일경제,1분전
[올림픽]북한 김여정이 든 파란색 파일은?,연합뉴스,1분전
문재인 “추운데 괜찮으셨냐”… 김여정 “대통령이 마음 써줘 괜찮았다”,헤럴드경제,1분전
[MD포토] 환하게 미소짓는 김연아,마이데일리,1분전
[부고]김용국 kt위즈 수석코치 장인상,뉴시스,1분전
"‘아는 형님’ 강호동, ‘스웩 댄스’로 신곡 안무 선보인다",텐아시아,1분전
文대통령-北대표단 건배주는 '한라산 소주'…김여정 외가 고려?,머니투데이,1분전
"‘짠내투어’ “새로운 재미줄 것” 박나래, ‘자연 속 힐링’ 투어 이끈다 ‘반전’",MBC연예,1분전
Brazil Carnival,AP연합뉴스,1분전
SOUTH KOREA PYEONGCHANG 2018 OLYMPIC GAMES,EPA연합뉴스,1분전
USA CANADA DIPLOMACY,EPA연합뉴스,1분전
"[포토]김연아, 남북 선수들 성화대에서 첫 대면이라 눈인사를",스포츠서울,1분전
[올림픽 NOW] 올림픽 데뷔 앞둔 男 쇼트트랙 서이라-임효준-황대헌,스포티비뉴스,1분전
북한 김영남·김여정 청와대 방문…문 대통령과 접견·오찬(종합),연합뉴스,1분전
"[가상화폐 뉴스] 02월 10일 12시 30분 비트코인(12.74%), 리플(32.46%), 비트코인 골드(27.46%)",한국경제TV,1분전
"법원 ""양심적 병역거부자 신상공개는 위법"" 첫 판결",매일경제,1분전
"[올림픽] 북한 김여정든 파일, '무엇일까?'",연합뉴스,1분전
"[MK체크] 고현정 하차한 ‘리턴’, 오늘(10일) 대본리딩 진행",MK스포츠 ,1분전
"문재인 대통령, 北 고위급 대표단 접견·오찬",YTN,2분전
"[Oh!쎈 레터] ""채널 돌렸다""..김미화 중계 논란, 결국 MBC 시청률 꼴찌",OSEN,1분전
[MD포토] 양정웅-김연아-송승환 '밝은 미소',마이데일리,1분전
"文 대통령 ""밤늦게 고생많았다""…김여정 ""마음 써주셔서 괜찮아""",한국경제,1분전
"김연아 성화봉송, 우아한 피겨스케이팅 연기와 함께 성화 점화, 청와대도 감사표시",서울경제,1분전
USA BASKETBALL NBA,EPA연합뉴스,1분전
‘성화 점화’ 김연아 “전체 개회식 평 좋아 기분 좋았다”,뉴스엔,1분전
"[올림픽]북한 김여정든 파일, '무엇일까?'",연합뉴스,1분전
"[올림픽]북한 김여정, 파란색 '파일들고'",연합뉴스,1분전
문대통령·北대표단 靑오찬 메뉴는 강원도 황태 등 '8도 음식',연합뉴스,1분전
대출 가장 많은 연령대 1위는  '70대 이상' 생활비 마련 위해..2위는?,파이낸셜뉴스,1분전
"수원 FC 응원단, 연간회원권 100구좌 구입",베스트일레븐,1분전
"[포토]김연아, '미소짓는 평창의 여왕'",조이뉴스24,1분전
"윤여정, '집사부일체' 4번째 사부? SBS 측 ""방송 통해 확인 부탁""",마이데일리,1분전
"백퍼센트 록현, '더유닛' 파이널..""오늘 생일, 행복한 하루""",OSEN,1분전
"[MD포토] 김연아 '성화 점화, 잊지 못할 것'",마이데일리,1분전
"'최종 점화자' 김연아, ""실수없이 해야 한다는 마음만...""",OSEN,1분전
"구구단 미나, 다이어트 비법은…전후 사진 포착 ‘몰라 보겠네’",한국경제,1분전
경기중부권 11개 시에 미세·초미세먼지주의보 발령,뉴스1,1분전
Brazil Carnival,AP연합뉴스,1분전
Canadian Prime Minister California,AP연합뉴스,1분전
APTOPIX Brazil Carnival,AP연합뉴스,1분전
[올림픽] 서울 도착한 현송월,연합뉴스,1분전
"[올림픽] 중국, 개회식 '노하우' 배우자…평창에 90명 파견",연합뉴스,1분전
"아마존, UPS·페덱스와 '파트너'서 '경쟁자'로",AP연합뉴스,1분전
"아마존 ""금명 LA 등지서 제3자 배송 서비스 착수""",AP연합뉴스,1분전
김연아 “성화 받고 울컥…실수 없이 끝내서 다행”,한겨레,1분전
"미국 대표팀에 인종차별 칼럼 <폭스뉴스>, 뒤늦게 삭제",오마이뉴스,1분전
[포토]한반도기 아래 모인 남북 선수단,이데일리,1분전
[포토]한반도기 아래 모인 남북,이데일리,1분전
[포토]남북 한반도기 들고 11년 만의 공동입장,이데일리,1분전
[포토]올림픽으로 다시 모인 남북,이데일리,1분전
[포토]러시아 국기 대신 등장한 오륜기,이데일리,1분전
[포토]오륜기 앞세우고 입장하는 러시아,이데일리,1분전
"'피겨 여왕' 김연아 성화봉송, 국민들 시선 사로잡았다 '시청률도 퀸연아'",enews24,1분전
TAIWAN EARTHQUAKE AFTERMATH,EPA연합뉴스,1분전
Flames Rangers Hockey,AP연합뉴스,1분전
[포토]평창동계올림픽 개회식을 빛낸 김연아,스포츠서울,1분전
은평구 금연클리닉 찾는 사람 이렇게 많아?,아시아경제,2분전
[올림픽] 서울 도착한 현송월,연합뉴스,1분전
"[올림픽]북한 김여정, 파란색 '파일들고' 착석",연합뉴스,1분전
(LEAD) NK media-PyeongChang coverage,연합뉴스,1분전
北김여정 손에 든 '파란 서류파일'에 관심...꼿꼿한 듯 굳은 표정,파이낸셜뉴스,1분전
김여정 방남해 조연으로 밀려난 북한 선수들의 모든 것,중앙일보,1분전
[청계천 옆 사진관] 김여정·트럼프 지나간 광화문,동아일보,1분전
"문 대통령 ""추운데 고생하셨다"" 김여정 ""대통령께서 마음 많이 써주셔서 괜찮다""",디지털타임스,1분전
'평화의 불꽃' 밝힌 평창…남북단일팀 오늘 첫 경기 주목,JTBC,1분전
"'효리네 민박2' 이효리·윤아, 함께 그림 그리며 더 가까워져",부산일보,1분전
"MLB.com “오승환, 텍사스 마무리투수 경쟁 이끌 것”",마이데일리,1분전
"'다시, 반갑습니다'",뉴스1,1분전
꽃다발 받고 활짝 웃는 현송월,뉴스1,1분전
USA BASKETBALL NBA,EPA연합뉴스,1분전
"오늘(10일) 대본리딩 '리턴'...박진희 측 ""아직 전달받은 사항 없다""",엑스포츠뉴스,1분전
"[올림픽] 송승환 총감독 ""남북 성화주자 전날 밤 결정…리허설 없이 진행""",연합뉴스,1분전
"인도네시아 교도소, 테러범훈련소?…교화 프로그램 '헛일'",연합뉴스,1분전
개회식의 또 다른 주역…자원봉사자 ‘무한 댄스’ 주목,국민일보,1분전
"가정용 요실금 치료 의료기기 ‘이지케이’, 11일 CJ오쇼핑 렌탈 생방송",파이낸셜뉴스,1분전
[평창] 동계올림픽에 처음 나타난 더운 나라들,헤럴드경제,1분전
송승환 개회식 총감독이 밝힌 '인면조'가 등장한 이유,중앙일보,1분전
[포토]태극기 아래로 입장하는 남북 단일팀,이데일리,1분전
비밀리에 평양서 北하키대표팀과 시합…'간 큰' 30대 미국인,한국경제,1분전
[포토]기립박수 받으며 입장하는 남북 단일팀,이데일리,1분전
[포토]태극기와 한반도기,이데일리,1분전
[포토]관중들 기립박수 받으며 입장하는 남북 단일팀,이데일리,1분전
[포토]관중들 기립박수 받으며 입장하는 남북 선수단,이데일리,1분전
‘더유닛’ 대망의 파이널…관전포인트 3 공개,텐아시아,1분전
"'짠내투어' 박나래 이끄는 밤도깨비 여행 ""새로운 재미를 주겠다""",enews24,1분전
서울 도착한 北 예술단,뉴스1,1분전
서울 도착한 북한 예술단,뉴스1,1분전
"문 대통령 ""추운데 고생했다""…김여정 ""마음 써주셔 괜찮았다""",연합뉴스TV,1분전
모델 교체 활발한 패션·뷰티업계…'대세남'과 이미지 쇄신,아시아경제,1분전
"문 대통령, 김여정 등 北 대표단과 오찬…황태 메뉴에 건배주는 한라산 소주(종합)",아시아경제,1분전
"사라진 골잡이 모라타, 시즌 마감 가능성도 제기?",베스트일레븐,1분전
구속 심사 출석 세종병원 이사장,연합뉴스,1분전
구속 심사 출석하는 세종병원 이사장,연합뉴스,2분전
화재 참사 세종병원 이사장 등 3명 구속 심사,연합뉴스,1분전
세종병원 이사장 구속 심사 출석,연합뉴스,1분전
김여정 참석한 靑 오찬 테마는 '남북 한상',노컷뉴스,1분전
"문 대통령, 北 김영남 김여정 등과 오찬 접견",뉴시스,1분전
[포토]2018 평창동계올림픽 마지막 성화 주자는 바로 피겨여왕 김연아,이데일리,1분전
"[평창★] '성화 점화' 김연아 ""점화 순간 울컥.. 박종아·정수현과 눈인사""",스타뉴스,1분전
"뉴시스 노조 “사측 말바꾸기로 합의안 물거품…책임져야""",기자협회보,1분전
[날씨] 추위 풀리자 미세먼지…서울 초미세먼지 주의보,연합뉴스TV,1분전
"[평창] '빙속 전설' 美 데이비스, 기수 탈락 불만…개회식 불참",일간스포츠,1분전
"""우리는 설원결의""…'집사부일체' 4인방, 의형제 됐다",스포츠서울,1분전
"[올림픽]문 대통령, 북한 고위급대표단 접견",연합뉴스,1분전
"[올림픽]문 대통령 입장, 자리에서 일어나는 북한 고위급대표단",연합뉴스,2분전
"[올림픽]문 대통령 입장, 자리에서 일어나는 북한 고위급대표단",연합뉴스,1분전
제주도 산지 대설주의보 해제…11∼12일 다시 눈(종합),연합뉴스,1분전
"與 ""남북한 맞잡은 두 손, 한반도 평화·번영 중심지로 서게 할 것""",머니투데이,2분전
"김연아 ""성화 점화 영광, 나도 울컥했다""",마이데일리,1분전
[포토]평창동계올림픽 개막...17일간의 지구촌 대축제,이데일리,1분전
[주간추천주]신한금융투자,이데일리,1분전
[포토]성화봉송 주자로 나선 안정환,이데일리,1분전
[포토]개막식 무대에 등장한 백호와 용,이데일리,1분전
[포토]17일간의 지구촌 대축제 평창동계올림픽 개막,이데일리,1분전
"‘작신아’ 심희섭, 반사회적 괴물 검사로 변신",텐아시아,1분전
Canadian Prime Minister California,AP연합뉴스,1분전
SOUTH KOREA PYEONGCHANG 2018 OLYMPIC GAMES,EPA연합뉴스,1분전
"'평창 개막식' 하현우 참여 소감 ""굉장히 영광, 잊지 못할 행복한 순간""",enews24,1분전
"김연아, 피겨여왕의 강렬 레드컬러 드레스 ""역시 갓연아""",데일리안,1분전
"""무보정, 지성미""..수영, 생일 맞이 기념 셀카",헤럴드POP,1분전
Flames Rangers Hockey,AP연합뉴스,1분전
굳은 표정으로 버스에서 내리는 北 예술단,뉴스1,1분전
"[2018 평창] 김연아, 성화 점화 소감은? “영광스러운 순간이었다”",스포츠경향,1분전
'서울공연 왔습니다',뉴스1,1분전
"김여정, 개회식 뒤 서울로 이동…숙소는 '철통 보안'",JTBC,1분전
"김연아 “후배 최다빈, 키운 건 아니지만 뿌듯한 마음”",뉴스엔,1분전
"[포토] 전북응원단 ""평창동계올림픽 응원하러 갑니다""",프레시안,1분전
(LEAD) (Olympics) cauldron lighter-PyeongChang,연합뉴스,1분전
[올림픽] 연기하는 크리스 코닝,연합뉴스,1분전
(LEAD) (Olympics) organizers-cyber attack,연합뉴스,1분전
"[호텔가] 부산 웨스틴조선호텔 오킴스, ‘로맨틱 테이블’ 테마 코스 메뉴 선봬",머니S,1분전
"프랜차이즈 반찬가게 창업, 높은 인지도의 ‘진이찬방’ 창업안전망 확보",머니S,1분전
제주 산간 대설주의보 해제…내일 다시 눈,뉴시스,1분전
"송승환 총감독이 밝히 인면조 등장 이유…""한국의 과거와 미래 보여주려 했다""",부산일보,1분전
"김영남·김여정, 오늘 文대통령과 오찬 ... ‘백두혈통’ 청와대 방문은 최초, 11일 북한으로 돌아갈 예정",서울경제,1분전
[주간추천주]대신증권,이데일리,1분전
APTOPIX Canadian Prime Minister California,AP연합뉴스,1분전
"[리얼타임 평창] 마윈 회장 ""올림픽 개막식, 추웠지만 감동적""",아시아경제,1분전
"[2018 평창] 송승환 총감독 “인면조, 한국의 고대 모습 표현”",스포츠동아,1분전
[올림픽] '날아간다는 것은',연합뉴스,2분전
[올림픽] 보드 잡는 세바스티앙 투탕,연합뉴스,1분전
[올림픽]청와대 접견실 들어서는 북한 김영남과 김여정,연합뉴스,1분전
"‘백년손님’ 이봉주X ‘바나나’장인, ""평창올림픽 개최 자랑스러워""",매일경제,1분전
[올림픽] 점프하는 세바스티앙 투탕,연합뉴스,1분전
평창올림픽 개막식 연출 뒷이야기 알고보니…정구호 감독 과거 재조명,국민일보,1분전
"[올림픽] 평창조직위, 홈페이지 접속 장애 원인 조사 중…10일 오전 복구(종합)",연합뉴스,2분전
[주장] 김현종의 ISD 개정 카드는 패착이다,오마이뉴스,1분전
"靑 ""펜스 부통령, 평창올림픽 리셉션 1시간 전에 '불참' 통보""",머니투데이,1분전
[포토]성화봉송 함께하는 남북 아이스하키 단일팀 박종아-정수현,이데일리,1분전
"‘마이애미 컴백’ 웨이드, “집으로 돌아와 아주 좋다”",OSEN,1분전
"[투데이차트] ""올림픽 개막"" 金夜, 지상파 '정글'·케이블·종편 '윤식당2' 1위",마이데일리,1분전
'모자 벗겨질라',뉴스1,1분전
웃는 얼굴로 서울 도착하는 북한 예술단,뉴스1,1분전
서울 도착한 북한 예술단,뉴스1,1분전
5분 만에 떠난 펜스…김영남과 한 테이블 불편했나,연합뉴스TV,1분전
[KeSPA 대학생 리더스] KeSPA 대학생 리더스의 넥슨 아레나 탐방기!,한국e스포츠협회,1분전
현송월 '서울공연 왔습니다',뉴스1,1분전
밝은 표정으로 서울 도착한 현송월,뉴스1,1분전
[포토]인면조 등장 배경에 대해 설명하는 송승환 감독,스포츠서울,1분전
[올림픽] 서울 도착한 삼지연관현악단,연합뉴스,1분전
[올림픽] 밝은 표정의 현송월,연합뉴스,1분전
[올림픽] 꽃다발 받고 환하게 웃는 현송월,연합뉴스,1분전
[올림픽] '공연하러 서울 왔어요',연합뉴스,1분전
"[이동준의 한국은 지금] ""나 혼자 간편하게 산다""…미니멀 라이프에 빠진 남성들",세계일보,1분전
"미국판 '소셜테이너' 케이티 페리, '여왕' 위엄 보여줄까",오마이뉴스,1분전
"컬링 이기정·장혜지, 러시아 잊자 스위스 나와라···3승도전",뉴시스,1분전
